,designer,collections,first_season,consistency,prevalence,class
0,comme-des-garcons,65,1991.0,0.9848484848484849,0.9694638694638695,6
1,versace,61,1991.0,0.9242424242424242,0.9078489816194734,4
2,alexander-mcqueen,57,1995.0,0.9827586206896551,0.9652147610405324,6
3,prada,57,1992.0,0.890625,0.8730811403508771,4
4,miu-miu,55,1995.1,0.9649122807017544,0.9467304625199362,5
5,yohji-yamamoto,52,1995.1,0.9122807017543859,0.8930499325236166,4
6,gucci,51,1995.1,0.8947368421052632,0.8751289989680082,4
7,michael-kors-collection,51,1991.1,0.7846153846153846,0.7650075414781297,4
8,dolce-gabbana,51,1992.0,0.796875,0.7772671568627451,4
9,fendi,50,1999.0,1.0,0.98,6
10,anna-sui,50,1993.0,0.8064516129032258,0.7864516129032257,4
11,chanel,50,1991.1,0.7692307692307693,0.7492307692307693,3
12,ann-demeulemeester,49,1997.0,0.9074074074074074,0.8869992441421013,4
13,balenciaga,49,1998.0,0.9423076923076923,0.9218995290423861,5
14,moschino,49,1991.0,0.7424242424242424,0.7220160791589363,3
15,louis-vuitton,49,1998.1,0.9607843137254902,0.9403761504601841,5
16,marni,48,1999.0,0.96,0.9391666666666666,5
17,alberta-ferretti,48,2000.0,1.0,0.9791666666666666,6
18,chloe,48,2000.0,1.0,0.9791666666666666,6
19,christian-dior,48,2000.0,1.0,0.9791666666666666,6
20,emporio-armani,48,2000.0,1.0,0.9791666666666666,6
21,valentino,48,2000.0,1.0,0.9791666666666666,6
22,giorgio-armani,48,2000.0,1.0,0.9791666666666666,6
23,saint-laurent,48,2000.0,1.0,0.9791666666666666,6
24,missoni,48,2000.0,1.0,0.9791666666666666,6
25,dries-van-noten,47,2000.0,0.9791666666666666,0.9578900709219857,6
26,carolina-herrera,47,2000.0,0.9791666666666666,0.9578900709219857,6
27,jil-sander,47,2000.0,0.9791666666666666,0.9578900709219857,6
28,maison-martin-margiela,47,1993.0,0.7580645161290323,0.7367879203843514,3
29,burberry-prorsum,47,2000.0,0.9791666666666666,0.9578900709219857,6
30,marc-jacobs,47,2000.0,0.9791666666666666,0.9578900709219857,6
31,ralph-lauren,47,2000.0,0.9791666666666666,0.9578900709219857,6
32,lanvin,46,2000.0,0.9583333333333334,0.9365942028985508,5
33,givenchy,46,1999.1,0.9387755102040817,0.9170363797692991,5
34,emilio-pucci,46,2001.0,1.0,0.9782608695652174,6
35,hermes,46,1998.1,0.9019607843137255,0.8802216538789429,4
36,oscar-de-la-renta,45,2000.0,0.9375,0.9152777777777777,5
37,junya-watanabe,45,2000.0,0.9375,0.9152777777777777,5
38,john-galliano,45,1993.0,0.7258064516129032,0.703584229390681,3
39,calvin-klein-collection,45,1994.0,0.75,0.7277777777777777,3
40,vera-wang,44,2000.0,0.9166666666666666,0.8939393939393939,4
41,max-mara,44,2000.0,0.9166666666666666,0.8939393939393939,4
42,badgley-mischka,44,2000.0,0.9166666666666666,0.8939393939393939,4
43,stella-mccartney,44,2002.0,1.0,0.9772727272727273,6
44,rick-owens,43,2002.1,1.0,0.9767441860465116,6
45,roberto-cavalli,43,2001.1,0.9555555555555556,0.9322997416020672,5
46,celine,43,2000.0,0.8958333333333334,0.872577519379845,4
47,narciso-rodriguez,42,2000.0,0.875,0.8511904761904762,4
48,diane-von-furstenberg,42,2000.1,0.8936170212765957,0.8698074974670719,4
49,chalayan,42,1995.1,0.7368421052631579,0.713032581453634,3
50,bottega-veneta,42,2000.0,0.875,0.8511904761904762,4
51,preen-by-thornton-bregazzi,41,2000.1,0.8723404255319149,0.8479501816294759,4
52,proenza-schouler,41,2003.1,1.0,0.975609756097561,6
53,dsquared,40,2004.0,1.0,0.975,6
54,roland-mouret,39,2000.1,0.8297872340425532,0.8041462084015275,4
55,nina-ricci,39,2004.0,0.975,0.9493589743589743,5
56,temperley-london,39,2004.0,0.975,0.9493589743589743,5
57,zero-maria-cornejo,39,2003.1,0.9512195121951219,0.9255784865540962,5
58,akris,39,2004.1,1.0,0.9743589743589743,6
59,undercover,38,2003.1,0.926829268292683,0.9005134788189988,4
60,sonia-rykiel,38,2000.0,0.7916666666666666,0.7653508771929824,4
61,etro,38,2005.0,1.0,0.9736842105263158,6
62,philosophy,37,2000.0,0.7708333333333334,0.7438063063063063,3
63,martin-grant,37,2003.1,0.9024390243902439,0.8754119973632168,4
64,giambattista-valli,37,2005.1,1.0,0.972972972972973,6
65,andrew-gn,37,2004.0,0.925,0.8979729729729731,4
66,monique-lhuillier,37,2004.1,0.9487179487179487,0.9216909216909217,5
67,andreas-kronthaler-for-vivienne-westwood,36,2006.0,1.0,0.9722222222222222,6
68,nicole-miller,36,2000.0,0.75,0.7222222222222222,3
69,paul-smith,36,2003.0,0.8571428571428571,0.8293650793650793,4
70,jill-stuart,36,2000.0,0.75,0.7222222222222222,3
71,salvatore-ferragamo,36,2006.0,1.0,0.9722222222222222,6
72,balmain,36,2000.0,0.75,0.7222222222222222,3
73,lela-rose,36,2005.0,0.9473684210526315,0.9195906432748537,5
74,elie-saab,36,2006.0,1.0,0.9722222222222222,6
75,zac-posen,36,2002.1,0.8372093023255814,0.8094315245478036,4
76,rodarte,36,2006.0,1.0,0.9722222222222222,6
77,roksanda,36,2006.0,1.0,0.9722222222222222,6
78,jean-paul-gaultier,36,1994.0,0.6,0.5722222222222222,3
79,vivienne-westwood,36,1993.1,0.5901639344262295,0.5623861566484517,3
80,tory-burch,35,2006.1,1.0,0.9714285714285714,6
81,loewe,35,2000.0,0.7291666666666666,0.700595238095238,3
82,yigal-azrouel,35,2006.1,1.0,0.9714285714285714,6
83,erdem,35,2006.1,1.0,0.9714285714285714,6
84,helmut-lang,34,1994.1,0.576271186440678,0.5468594217347956,3
85,tommy-hilfiger,34,2000.0,0.7083333333333334,0.678921568627451,3
86,rochas,34,2003.1,0.8292682926829268,0.7998565279770444,4
87,3-1-phillip-lim,34,2006.1,0.9714285714285714,0.9420168067226891,5
88,j-mendel,34,2004.1,0.8717948717948718,0.8423831070889894,4
89,costume-national,34,2000.0,0.7083333333333334,0.678921568627451,3
90,luisa-beccaria,34,2007.0,1.0,0.9705882352941176,6
91,blumarine,34,2000.0,0.7083333333333334,0.678921568627451,3
92,jason-wu,34,2007.0,1.0,0.9705882352941176,6
93,bcbg-max-azria,34,2000.0,0.7083333333333334,0.678921568627451,3
94,rag-bone,33,2007.0,0.9705882352941176,0.9402852049910874,5
95,naeem-khan,33,2007.1,1.0,0.9696969696969697,6
96,christopher-kane,33,2007.0,0.9705882352941176,0.9402852049910874,5
97,kenzo,33,2000.1,0.7021276595744681,0.6718246292714378,3
98,rachel-comey,33,2004.0,0.825,0.7946969696969697,4
99,antonio-berardi,33,2000.0,0.6875,0.6571969696969697,3
100,adam-lippes,33,2006.1,0.9428571428571428,0.9125541125541126,4
101,cynthia-rowley,33,2000.0,0.6875,0.6571969696969697,3
102,dkny,33,2000.0,0.6875,0.6571969696969697,3
103,donna-karan,32,2000.0,0.6666666666666666,0.6354166666666666,3
104,derek-lam,32,2004.0,0.8,0.76875,4
105,a-f-vandevorst,31,2002.1,0.7209302325581395,0.6886721680420105,3
106,fashion-east,31,2006.0,0.8611111111111112,0.8288530465949822,4
107,ports-1961,31,2008.1,1.0,0.967741935483871,6
108,issey-miyake,31,1995.0,0.5344827586206896,0.5022246941045606,3
109,emanuel-ungaro,31,2000.1,0.6595744680851063,0.6273164035689773,3
110,matthew-williamson,31,2000.0,0.6458333333333334,0.6135752688172044,3
111,vivienne-tam,31,2000.0,0.6458333333333334,0.6135752688172044,3
112,duro-olowu,31,2007.1,0.9393939393939394,0.9071358748778104,4
113,reem-acra,31,2007.1,0.9393939393939394,0.9071358748778104,4
114,lacoste,31,2006.0,0.8611111111111112,0.8288530465949822,4
115,tibi,30,2009.0,1.0,0.9666666666666667,6
116,viktor-rolf,30,2001.0,0.6521739130434783,0.618840579710145,3
117,victoria-beckham,30,2009.0,1.0,0.9666666666666667,6
118,alexander-wang,29,2007.1,0.8787878787878788,0.8443051201671892,4
119,acne-studios,29,2009.1,1.0,0.9655172413793104,6
120,isabel-marant,29,2009.1,1.0,0.9655172413793104,6
121,versus-versace,29,1997.0,0.5370370370370371,0.5025542784163475,3
122,altuzarra,29,2009.1,1.0,0.9655172413793104,6
123,thakoon,29,2005.0,0.7631578947368421,0.7286751361161525,3
124,marc-by-marc-jacobs,29,2001.1,0.6444444444444445,0.6099616858237549,3
125,marchesa,29,2007.0,0.8529411764705882,0.8184584178498986,4
126,sacai,28,2010.0,1.0,0.9642857142857143,6
127,libertine,28,2004.1,0.717948717948718,0.6822344322344323,3
128,threeasfour,28,2006.1,0.8,0.7642857142857143,4
129,haider-ackermann,28,2004.0,0.7,0.6642857142857143,3
130,karen-walker,28,2007.0,0.8235294117647058,0.7878151260504201,4
131,prabal-gurung,28,2009.1,0.9655172413793104,0.9298029556650247,5
132,bibhu-mohapatra,28,2009.1,0.9655172413793104,0.9298029556650247,5
133,tse,28,2000.0,0.5833333333333334,0.5476190476190477,3
134,sharon-wauchob,27,2010.0,0.9642857142857143,0.9272486772486772,5
135,veronique-branquinho,27,2001.1,0.6,0.5629629629629629,3
136,no-21,27,2010.1,1.0,0.962962962962963,6
137,christian-siriano,27,2010.1,1.0,0.962962962962963,6
138,sportmax,27,2000.0,0.5625,0.525462962962963,3
139,barbara-tfank,27,2008.0,0.84375,0.806712962962963,4
140,paco-rabanne,27,2005.1,0.7297297297297297,0.6926926926926926,3
141,peter-jensen,27,2005.0,0.7105263157894737,0.6734892787524367,3
142,pringle-of-scotland,27,2007.0,0.7941176470588235,0.7570806100217864,4
143,julien-macdonald,27,2000.0,0.5625,0.525462962962963,3
144,dennis-basso,27,2007.1,0.8181818181818182,0.7811447811447811,4
145,jeremy-scott,27,2000.0,0.5625,0.525462962962963,3
146,row,27,2010.1,1.0,0.962962962962963,6
147,sachin-babi,26,2011.0,1.0,0.9615384615384616,6
148,gareth-pugh,26,2006.1,0.7428571428571429,0.7043956043956044,3
149,bally,26,2002.0,0.5909090909090909,0.5524475524475525,3
150,peter-som,26,2002.1,0.6046511627906976,0.5661896243291592,3
151,iceberg,26,2000.0,0.5416666666666666,0.5032051282051282,3
152,betsey-johnson,26,2000.0,0.5416666666666666,0.5032051282051282,3
153,david-koma,26,2011.0,1.0,0.9615384615384616,6
154,norma-kamali,25,2011.1,1.0,0.96,6
155,antonio-marras,25,2011.0,0.9615384615384616,0.9215384615384615,5
156,j-w-anderson,25,2011.1,1.0,0.96,6
157,thom-browne,25,2011.1,1.0,0.96,6
158,jonathan-saunders,25,2004.0,0.625,0.585,3
159,osman,25,2010.0,0.8928571428571429,0.8528571428571429,4
160,y-3,24,2003.0,0.5714285714285714,0.5297619047619048,3
161,rebecca-taylor,24,2009.0,0.8,0.7583333333333334,4
162,jenny-packham,24,2012.0,1.0,0.9583333333333334,6
163,neil-barrett,24,2006.1,0.6857142857142857,0.6440476190476191,3
164,alexis-mabille,24,2011.0,0.9230769230769231,0.8814102564102565,4
165,gianfranco-ferre,24,2000.0,0.5,0.4583333333333333,2
166,giles-deacon,24,2004.1,0.6153846153846154,0.5737179487179488,3
167,veronique-leroy,24,2006.0,0.6666666666666666,0.625,3
168,topshop-unique,24,2006.0,0.6666666666666666,0.625,3
169,house-of-holland,24,2008.1,0.7741935483870968,0.7325268817204301,3
170,christophe-lemaire,23,2011.1,0.92,0.8765217391304349,4
171,trussardi,23,2000.1,0.48936170212765956,0.4458834412580943,2
172,mary-katrantzou,23,2009.1,0.7931034482758621,0.7496251874062969,3
173,behnaz-sarafpour,23,2001.1,0.5111111111111111,0.4676328502415459,2
174,vanessa-bruno,23,2009.1,0.7931034482758621,0.7496251874062969,3
175,emilia-wickstead,23,2012.1,1.0,0.9565217391304348,6
176,mm6-maison-martin-margiela,23,2012.0,0.9583333333333334,0.9148550724637682,5
177,jenni-kayne,23,2006.0,0.6388888888888888,0.5954106280193237,3
178,markus-lupfer,23,2001.0,0.5,0.4565217391304348,2
179,peter-pilotto,23,2009.0,0.7666666666666667,0.7231884057971015,3
180,nanette-lepore,23,2009.0,0.7666666666666667,0.7231884057971015,3
181,ashish,23,2005.0,0.6052631578947368,0.5617848970251716,3
182,elie-tahari,23,2007.1,0.696969696969697,0.6534914361001318,3
183,simone-rocha,23,2012.1,1.0,0.9565217391304348,6
184,sea,23,2012.1,1.0,0.9565217391304348,6
185,eudon-choi,22,2013.0,1.0,0.9545454545454546,6
186,tanya-taylor,22,2013.0,1.0,0.9545454545454546,6
187,richard-chai-love,22,2005.0,0.5789473684210527,0.5334928229665072,3
188,mulberry,22,2009.0,0.7333333333333333,0.6878787878787879,3
189,gabriele-colangelo,22,2010.0,0.7857142857142857,0.7402597402597403,3
190,mugler,22,1992.0,0.34375,0.29829545454545453,2
191,ralph-rucci,22,2004.1,0.5641025641025641,0.5186480186480187,3
192,dion-lee,22,2012.1,0.9565217391304348,0.9110671936758894,4
193,veronica-beard,22,2013.0,1.0,0.9545454545454546,6
194,sophia-kokosalaki,22,2001.0,0.4782608695652174,0.43280632411067194,2
195,yeohlee,22,2013.0,1.0,0.9545454545454546,6
196,alice-olivia,22,2010.1,0.8148148148148148,0.7693602693602694,4
197,erin-fetherston,22,2007.0,0.6470588235294118,0.6016042780748664,3
198,cacharel,22,2001.0,0.4782608695652174,0.43280632411067194,2
199,apiece-apart,22,2013.0,1.0,0.9545454545454546,6
200,alexandre-herchcovitch,22,2002.1,0.5116279069767442,0.46617336152219874,2
201,mara-hoffman,22,2012.1,0.9565217391304348,0.9110671936758894,4
202,alessandra-rich,22,2013.0,1.0,0.9545454545454546,6
203,tracy-reese,22,2007.1,0.6666666666666666,0.6212121212121212,3
204,d-g,22,2001.0,0.4782608695652174,0.43280632411067194,2
205,marco-de-vincenzo,21,2010.1,0.7777777777777778,0.7301587301587302,3
206,nicholas-k,21,2011.0,0.8076923076923077,0.76007326007326,4
207,vpl,21,2005.0,0.5526315789473685,0.5050125313283209,3
208,edeline-lee,21,2013.1,1.0,0.9523809523809523,6
209,tom-ford,21,2012.1,0.9130434782608695,0.865424430641822,4
210,costello-tagliapietra,21,2005.1,0.5675675675675675,0.5199485199485199,3
211,co,21,2013.0,0.9545454545454546,0.9069264069264069,4
212,imitation-of-christ,21,2001.0,0.45652173913043476,0.40890269151138714,2
213,jonathan-simkhai,21,2013.1,1.0,0.9523809523809523,6
214,elder-statesman,21,2013.1,1.0,0.9523809523809523,6
215,zuhair-murad,21,2013.1,1.0,0.9523809523809523,6
216,hugo-boss,21,2002.0,0.4772727272727273,0.4296536796536797,2
217,bill-blass,21,2000.0,0.4375,0.3898809523809524,2
218,milly,21,2009.0,0.7,0.6523809523809523,3
219,adeam,21,2013.0,0.9545454545454546,0.9069264069264069,4
220,clements-ribeiro,20,2000.0,0.4166666666666667,0.3666666666666667,2
221,emilio-de-la-morena,20,2011.0,0.7692307692307693,0.7192307692307692,3
222,alessandro-dell-acqua,20,2000.0,0.4166666666666667,0.3666666666666667,2
223,francesco-scognamiglio,20,2008.1,0.6451612903225806,0.5951612903225806,3
224,barbara-bui,20,2011.0,0.7692307692307693,0.7192307692307692,3
225,raquel-allegra,20,2013.0,0.9090909090909091,0.859090909090909,4
226,vionnet,20,2007.1,0.6060606060606061,0.556060606060606,3
227,manish-arora,20,2010.1,0.7407407407407407,0.6907407407407407,3
228,tsumori-chisato,20,2005.1,0.5405405405405406,0.4905405405405406,3
229,tod-s,20,2014.0,1.0,0.95,5
230,luella,20,2000.1,0.425531914893617,0.37553191489361704,2
231,philipp-plein,20,2013.1,0.9523809523809523,0.9023809523809523,4
232,rachel-antonoff,20,2013.1,0.9523809523809523,0.9023809523809523,4
233,zimmermann,20,2014.0,1.0,0.95,5
234,alexandre-vauthier,20,2014.0,1.0,0.95,5
235,jacquemus,20,2014.0,1.0,0.95,5
236,msgm,20,2014.0,1.0,0.95,5
237,just-cavalli,19,2007.1,0.5757575757575758,0.5231259968102073,3
238,cushnie-et-ochs,19,2009.1,0.6551724137931034,0.6025408348457351,3
239,marios-schwab,19,2006.1,0.5428571428571428,0.4902255639097744,3
240,a-detacher,19,2010.1,0.7037037037037037,0.6510721247563354,3
241,toga,19,2014.1,1.0,0.9473684210526316,5
242,aquilano-rimondi,19,2009.0,0.6333333333333333,0.5807017543859649,3
243,joseph,19,2011.1,0.76,0.7073684210526316,3
244,diesel-black-gold,19,2009.0,0.6333333333333333,0.5807017543859649,3
245,anrealage,19,2013.0,0.8636363636363636,0.8110047846889952,4
246,derek-lam-10-crosby,19,2012.0,0.7916666666666666,0.7390350877192982,3
247,rebecca-minkoff,19,2011.0,0.7307692307692307,0.6781376518218623,3
248,rachel-zoe,19,2011.1,0.76,0.7073684210526316,3
249,marques-almeida,19,2014.0,0.95,0.8973684210526316,4
250,nomia,19,2014.0,0.95,0.8973684210526316,4
251,tadashi-shoji,19,2012.1,0.8260869565217391,0.7734553775743707,4
252,m-patmos,19,2011.1,0.76,0.7073684210526316,3
253,olivier-theyskens,19,1998.1,0.37254901960784315,0.31991744066047473,2
254,red-valentino,19,2012.1,0.8260869565217391,0.7734553775743707,4
255,coach,19,2014.1,1.0,0.9473684210526316,5
256,maison-rabih-kayrouz,19,2013.1,0.9047619047619048,0.8521303258145363,4
257,zac-zac-posen,19,2011.0,0.7307692307692307,0.6781376518218623,3
258,maryam-nassir-zadeh,18,2015.0,1.0,0.9444444444444444,5
259,arthur-arbesser,18,2015.0,1.0,0.9444444444444444,5
260,6397,18,2015.0,1.0,0.9444444444444444,5
261,opening-ceremony,18,2012.0,0.75,0.6944444444444444,3
262,gary-graham,18,2002.1,0.4186046511627907,0.3630490956072352,2
263,melitta-baumeister,18,2015.0,1.0,0.9444444444444444,5
264,a-l-c-,18,2012.0,0.75,0.6944444444444444,3
265,richard-nicoll,18,2006.1,0.5142857142857142,0.45873015873015865,2
266,ruffian,18,2006.1,0.5142857142857142,0.45873015873015865,2
267,camilla-marc,18,2012.0,0.75,0.6944444444444444,3
268,luca-luca,18,2000.1,0.3829787234042553,0.32742316784869974,2
269,brunello-cucinelli,18,2015.0,1.0,0.9444444444444444,5
270,josie-natori,18,2012.0,0.75,0.6944444444444444,3
271,kate-spade-new-york,18,2013.0,0.8181818181818182,0.7626262626262627,4
272,a-p-c-,18,2012.1,0.782608695652174,0.7270531400966184,3
273,rosie-assoulin,18,2014.0,0.9,0.8444444444444444,4
274,wendy-nichol,18,2012.0,0.75,0.6944444444444444,3
275,rosetta-getty,18,2015.0,1.0,0.9444444444444444,5
276,ellery,18,2013.0,0.8181818181818182,0.7626262626262627,4
277,custo-barcelona,18,2011.0,0.6923076923076923,0.6367521367521367,3
278,ulla-johnson,18,2015.0,1.0,0.9444444444444444,5
279,off-white,18,2015.0,1.0,0.9444444444444444,5
280,nili-lotan,18,2015.0,1.0,0.9444444444444444,5
281,christian-lacroix,18,2000.0,0.375,0.3194444444444444,2
282,ohne-titel,18,2008.0,0.5625,0.5069444444444444,3
283,herve-leger-by-max-azria,18,2008.1,0.5806451612903226,0.525089605734767,3
284,juan-carlos-obando,18,2008.1,0.5806451612903226,0.525089605734767,3
285,pamella-roland,17,2013.0,0.7727272727272727,0.713903743315508,3
286,pam-gela,17,2012.1,0.7391304347826086,0.6803069053708439,3
287,a-w-a-k-e-,17,2013.1,0.8095238095238095,0.7507002801120448,4
288,united-bamboo,17,2004.1,0.4358974358974359,0.3770739064856712,2
289,guy-laroche,17,2012.1,0.7391304347826086,0.6803069053708439,3
290,catherine-malandrino,17,2002.1,0.3953488372093023,0.3365253077975376,2
291,belstaff,17,2007.0,0.5,0.4411764705882353,2
292,sally-lapointe,17,2013.0,0.7727272727272727,0.713903743315508,3
293,nellie-partow,17,2015.1,1.0,0.9411764705882353,5
294,stella-jean,17,2014.1,0.8947368421052632,0.8359133126934984,4
295,st-john,17,2011.1,0.68,0.6211764705882353,3
296,daryl-k,17,2000.0,0.3541666666666667,0.29534313725490197,2
297,tuleh,17,2000.0,0.3541666666666667,0.29534313725490197,2
298,mira-mikati,17,2015.1,1.0,0.9411764705882353,5
299,see-by-chloe,17,2012.1,0.7391304347826086,0.6803069053708439,3
300,paul-joe,17,2011.0,0.6538461538461539,0.5950226244343891,3
301,koche,16,2016.0,1.0,0.9375,5
302,todd-lynn,16,2007.0,0.47058823529411764,0.40808823529411764,2
303,gabriela-hearst,16,2016.0,1.0,0.9375,5
304,vetements,16,2015.0,0.8888888888888888,0.8263888888888888,4
305,zadig-voltaire,16,2013.0,0.7272727272727273,0.6647727272727273,3
306,trina-turk,16,2013.1,0.7619047619047619,0.6994047619047619,3
307,for-restless-sleepers,16,2016.0,1.0,0.9375,5
308,sophie-theallet,16,2009.0,0.5333333333333333,0.4708333333333333,3
309,organic-by-john-patrick,16,2009.0,0.5333333333333333,0.4708333333333333,3
310,band-of-outsiders,16,2008.1,0.5161290322580645,0.4536290322580645,2
311,eckhaus-latta,16,2016.0,1.0,0.9375,5
312,mark-fast,16,2009.1,0.5517241379310345,0.4892241379310345,3
313,area,16,2016.0,1.0,0.9375,5
314,assembly,16,2013.0,0.7272727272727273,0.6647727272727273,3
315,azzedine-alaia,16,1990.0,0.23529411764705882,0.17279411764705882,2
316,simon-miller,16,2016.0,1.0,0.9375,5
317,edun,16,2011.0,0.6153846153846154,0.5528846153846154,3
318,phoebe-english,16,2014.0,0.8,0.7375,3
319,creatures-of-wind,16,2011.1,0.64,0.5775,3
320,central-saint-martins,16,2006.1,0.45714285714285713,0.39464285714285713,2
321,doo-ri,16,2005.0,0.42105263157894735,0.35855263157894735,2
322,noir-kei-ninomiya,16,2016.0,1.0,0.9375,5
323,jeremy-laing,16,2006.0,0.4444444444444444,0.3819444444444444,2
324,piazza-sempione,16,2011.1,0.64,0.5775,3
325,monse,16,2016.0,1.0,0.9375,5
326,mother-of-pearl,16,2012.0,0.6666666666666666,0.6041666666666666,3
327,carven,16,2011.0,0.6153846153846154,0.5528846153846154,3
328,molly-goddard,16,2016.0,1.0,0.9375,5
329,lutz-huelle,16,2016.0,1.0,0.9375,5
330,brandon-maxwell,15,2016.0,0.9375,0.8708333333333333,4
331,escada,15,2013.0,0.6818181818181818,0.6151515151515151,3
332,t-by-alexander-wang,15,2011.0,0.5769230769230769,0.5102564102564102,3
333,talbot-runhof,15,2010.0,0.5357142857142857,0.46904761904761905,3
334,self-portrait,15,2016.1,1.0,0.9333333333333333,5
335,valentin-yudashkin,15,2013.0,0.6818181818181818,0.6151515151515151,3
336,moncler-gamme-rouge,15,2011.0,0.5769230769230769,0.5102564102564102,3
337,nehera,15,2016.1,1.0,0.9333333333333333,5
338,joie,15,2013.1,0.7142857142857143,0.6476190476190476,3
339,douglas-hannant,15,2007.1,0.45454545454545453,0.3878787878787879,2
340,j-crew,15,2010.1,0.5555555555555556,0.48888888888888893,3
341,marissa-webb,15,2013.0,0.6818181818181818,0.6151515151515151,3
342,issa,15,2009.0,0.5,0.43333333333333335,2
343,wunderkind,15,2005.0,0.39473684210526316,0.3280701754385965,2
344,cedric-charlier,15,2012.1,0.6521739130434783,0.5855072463768116,3
345,christian-wijnants,15,2013.1,0.7142857142857143,0.6476190476190476,3
346,rachel-roy,14,2008.0,0.4375,0.3660714285714286,2
347,timo-weiland,14,2011.0,0.5384615384615384,0.46703296703296704,2
348,julien-david,14,2011.1,0.56,0.48857142857142866,3
349,theory,14,2014.1,0.7368421052631579,0.6654135338345865,3
350,suno,14,2010.1,0.5185185185185185,0.4470899470899471,2
351,l-a-m-b-,14,2006.0,0.3888888888888889,0.31746031746031744,2
352,fausto-puglisi,14,2013.0,0.6363636363636364,0.564935064935065,3
353,meadham-kirchhoff,14,2008.1,0.45161290322580644,0.380184331797235,2
354,lisa-perry,14,2013.0,0.6363636363636364,0.564935064935065,3
355,johanna-ortiz,14,2017.0,1.0,0.9285714285714286,5
356,aquascutum,14,2005.1,0.3783783783783784,0.306949806949807,2
357,baja-east,14,2015.0,0.7777777777777778,0.7063492063492064,3
358,vena-cava,14,2006.1,0.4,0.3285714285714286,2
359,agnona,14,2014.0,0.7,0.6285714285714286,3
360,collette-dinnigan,14,2007.1,0.42424242424242425,0.3528138528138528,2
361,stephen-burrows,14,2004.0,0.35,0.2785714285714286,2
362,l-wren-scott,14,2007.1,0.42424242424242425,0.3528138528138528,2
363,ace-jig,14,2014.0,0.7,0.6285714285714286,3
364,lyn-devon,14,2009.1,0.4827586206896552,0.41133004926108374,2
365,carlos-miele,14,2007.0,0.4117647058823529,0.3403361344537815,2
366,ashley-williams,14,2015.0,0.7777777777777778,0.7063492063492064,3
367,damir-doma,14,2011.0,0.5384615384615384,0.46703296703296704,2
368,holly-fulton,14,2010.1,0.5185185185185185,0.4470899470899471,2
369,ermanno-scervino,14,2015.0,0.7777777777777778,0.7063492063492064,3
370,courreges,14,2016.0,0.875,0.8035714285714286,4
371,yang-li,13,2013.1,0.6190476190476191,0.5421245421245422,3
372,maki-oh,13,2013.0,0.5909090909090909,0.513986013986014,3
373,daks,13,2012.1,0.5652173913043478,0.48829431438127086,3
374,creatures-of-comfort,13,2012.1,0.5652173913043478,0.48829431438127086,3
375,vika-gazinskaya,13,2013.0,0.5909090909090909,0.513986013986014,3
376,paule-ka,13,2012.1,0.5652173913043478,0.48829431438127086,3
377,sass-bide,13,2011.0,0.5,0.4230769230769231,2
378,christopher-raeburn,13,2011.1,0.52,0.4430769230769231,2
379,steven-alan,13,2011.0,0.5,0.4230769230769231,2
380,banana-republic,13,2010.1,0.48148148148148145,0.4045584045584045,2
381,whistles,13,2014.0,0.65,0.573076923076923,3
382,charlotte-ronson,13,2009.1,0.4482758620689655,0.3713527851458886,2
383,wes-gordon,13,2011.0,0.5,0.4230769230769231,2
384,whit,13,2013.1,0.6190476190476191,0.5421245421245422,3
385,katie-gallagher,13,2013.0,0.5909090909090909,0.513986013986014,3
386,vivetta,13,2017.1,1.0,0.9230769230769231,5
387,ph5,13,2017.1,1.0,0.9230769230769231,5
388,attico,13,2017.0,0.9285714285714286,0.8516483516483517,4
389,atlein,13,2017.0,0.9285714285714286,0.8516483516483517,4
390,boudicca,13,2000.1,0.2765957446808511,0.19967266775777415,2
391,vaquera,13,2017.1,1.0,0.9230769230769231,5
392,khaite,13,2017.1,1.0,0.9230769230769231,5
393,kolor,13,2015.1,0.7647058823529411,0.6877828054298643,3
394,r13,13,2017.1,1.0,0.9230769230769231,5
395,margaret-howell,13,2017.1,1.0,0.9230769230769231,5
396,tess-giberson,13,2005.1,0.35135135135135137,0.27442827442827444,2
397,anne-valerie-hash,13,2008.0,0.40625,0.3293269230769231,2
398,sara-battaglia,13,2017.1,1.0,0.9230769230769231,5
399,pollini,13,2004.1,0.3333333333333333,0.2564102564102564,2
400,y-project,13,2016.1,0.8666666666666667,0.7897435897435898,4
401,rue-du-mail,13,2007.1,0.3939393939393939,0.317016317016317,2
402,brock-collection,13,2015.1,0.7647058823529411,0.6877828054298643,3
403,huishan-zhang,13,2016.1,0.8666666666666667,0.7897435897435898,4
404,adidas-by-stella-mccartney,13,2008.0,0.40625,0.3293269230769231,2
405,maurizio-pecoraro,13,2003.0,0.30952380952380953,0.2326007326007326,2
406,icb,12,2012.1,0.5217391304347826,0.4384057971014493,2
407,chris-benz,12,2007.1,0.36363636363636365,0.28030303030303033,2
408,hellessy,12,2015.0,0.6666666666666666,0.5833333333333333,3
409,palmerharding,12,2017.1,0.9230769230769231,0.8397435897435898,4
410,j-brand,12,2013.1,0.5714285714285714,0.4880952380952381,3
411,bernhard-willhelm,12,2001.1,0.26666666666666666,0.18333333333333335,2
412,kitx,12,2017.1,0.9230769230769231,0.8397435897435898,4
413,babyghost,12,2015.0,0.6666666666666666,0.5833333333333333,3
414,alyx,12,2016.1,0.8,0.7166666666666667,3
415,araks,12,2006.1,0.34285714285714286,0.25952380952380955,2
416,kiton,12,2016.1,0.8,0.7166666666666667,3
417,tome,12,2013.1,0.5714285714285714,0.4880952380952381,3
418,vfiles,12,2014.0,0.6,0.5166666666666666,3
419,victoria-victoria-beckham,12,2012.1,0.5217391304347826,0.4384057971014493,2
420,isa-arfen,12,2013.1,0.5714285714285714,0.4880952380952381,3
421,nicolas-andreas-taralis,12,2006.0,0.3333333333333333,0.25,2
422,ji-oh,12,2015.0,0.6666666666666666,0.5833333333333333,3
423,comme-des-garcons-comme-des-garcons,12,2014.1,0.631578947368421,0.5482456140350876,3
424,telfar,12,2015.0,0.6666666666666666,0.5833333333333333,3
425,marine-serre,12,2018.0,1.0,0.9166666666666666,5
426,delpozo,12,2014.0,0.6,0.5166666666666666,3
427,moschino-cheap-chic,12,2008.1,0.3870967741935484,0.30376344086021506,2
428,leonard,12,2014.1,0.631578947368421,0.5482456140350876,3
429,phi,12,2004.1,0.3076923076923077,0.2243589743589744,2
430,m-missoni,12,2014.1,0.631578947368421,0.5482456140350876,3
431,iris-van-herpen,12,2008.1,0.3870967741935484,0.30376344086021506,2
432,no-6,12,2015.0,0.6666666666666666,0.5833333333333333,3
433,maison-kitsune,12,2014.1,0.631578947368421,0.5482456140350876,3
434,rejina-pyo,12,2018.0,1.0,0.9166666666666666,5
435,basso-brooke,12,2005.1,0.32432432432432434,0.24099099099099103,2
436,elizabeth-james,12,2012.1,0.5217391304347826,0.4384057971014493,2
437,sandy-liang,12,2018.0,1.0,0.9166666666666666,5
438,calvin-luo,12,2018.0,1.0,0.9166666666666666,5
439,ys-yohji-yamamoto,11,2004.0,0.275,0.1840909090909091,2
440,alejandra-alonso-rojas,11,2017.1,0.8461538461538461,0.7552447552447552,4
441,la-doublej,11,2018.1,1.0,0.9090909090909091,4
442,sid-neigum,11,2016.1,0.7333333333333333,0.6424242424242423,3
443,saloni,11,2013.1,0.5238095238095238,0.4329004329004329,2
444,dundas,11,2018.1,1.0,0.9090909090909091,4
445,novis,11,2014.1,0.5789473684210527,0.4880382775119617,3
446,kim-shui,11,2018.1,1.0,0.9090909090909091,4
447,nanushka,11,2018.1,1.0,0.9090909090909091,4
448,audra,11,2015.1,0.6470588235294118,0.5561497326203209,3
449,matty-bovan,11,2018.1,1.0,0.9090909090909091,4
450,gypsy-sport,11,2016.1,0.7333333333333333,0.6424242424242423,3
451,juicy-couture,11,2012.0,0.4583333333333333,0.36742424242424243,2
452,jonathan-cohen,11,2018.0,0.9166666666666666,0.8257575757575757,4
453,beaufille,11,2015.1,0.6470588235294118,0.5561497326203209,3
454,osklen,11,2013.0,0.5,0.40909090909090906,2
455,faith-connexion,11,2015.1,0.6470588235294118,0.5561497326203209,3
456,frame-denim,11,2015.1,0.6470588235294118,0.5561497326203209,3
457,longchamp,11,2015.1,0.6470588235294118,0.5561497326203209,3
458,martine-sitbon,11,1997.1,0.20754716981132076,0.11663807890222985,1
459,thomas-tait,11,2011.1,0.44,0.3490909090909091,2
460,halpern,11,2018.0,0.9166666666666666,0.8257575757575757,4
461,limi-feu,11,2008.0,0.34375,0.25284090909090906,2
462,marchesa-notte,11,2015.1,0.6470588235294118,0.5561497326203209,3
463,tao,11,2006.0,0.3055555555555556,0.21464646464646467,2
464,jil-sander-navy,11,2012.0,0.4583333333333333,0.36742424242424243,2
465,batsheva,11,2018.1,1.0,0.9090909090909091,4
466,maiyet,11,2012.0,0.4583333333333333,0.36742424242424243,2
467,anthony-vaccarello,11,2011.1,0.44,0.3490909090909091,2
468,collina-strada,11,2018.1,1.0,0.9090909090909091,4
469,wayne,11,2010.0,0.39285714285714285,0.30194805194805197,2
470,christian-cowan,11,2018.1,1.0,0.9090909090909091,4
471,felder-felder,11,2011.1,0.44,0.3490909090909091,2
472,coperni,11,2015.0,0.6111111111111112,0.5202020202020202,3
473,christopher-esber,11,2013.1,0.5238095238095238,0.4329004329004329,2
474,bevza,11,2018.1,1.0,0.9090909090909091,4
475,barbara-casasola,10,2012.1,0.43478260869565216,0.33478260869565213,2
476,rhie,10,2014.0,0.5,0.4,2
477,adam-selman,10,2014.0,0.5,0.4,2
478,giulietta,10,2012.0,0.4166666666666667,0.31666666666666665,2
479,visvim,10,2014.0,0.5,0.4,2
480,richard-malone,10,2018.0,0.8333333333333334,0.7333333333333334,3
481,jean-pierre-braganza,10,2011.1,0.4,0.30000000000000004,2
482,reed-krakoff,10,2010.1,0.37037037037037035,0.27037037037037037,2
483,kwaidan-editions,10,2018.0,0.8333333333333334,0.7333333333333334,3
484,peter-do,10,2019.0,1.0,0.9,4
485,mame-kurogouchi,10,2019.0,1.0,0.9,4
486,nells-nelson,10,2019.0,1.0,0.9,4
487,ottolinger,10,2019.0,1.0,0.9,4
488,natasha-zinko,10,2017.0,0.7142857142857143,0.6142857142857143,3
489,max-azria,10,2007.0,0.29411764705882354,0.19411764705882353,2
490,each-other,10,2015.1,0.5882352941176471,0.4882352941176471,3
491,esteban-cortazar,10,2015.0,0.5555555555555556,0.4555555555555556,2
492,plan-c,10,2019.0,1.0,0.9,4
493,karl-lagerfeld,10,2006.1,0.2857142857142857,0.1857142857142857,2
494,giamba,10,2015.0,0.5555555555555556,0.4555555555555556,2
495,rta,10,2019.0,1.0,0.9,4
496,snow-xue-gao,10,2019.0,1.0,0.9,4
497,rodebjer,10,2013.0,0.45454545454545453,0.3545454545454545,2
498,mcq-alexander-mcqueen,10,2008.0,0.3125,0.2125,2
499,suzanne-rae,10,2015.1,0.5882352941176471,0.4882352941176471,3
500,anna-molinari,10,2000.0,0.20833333333333334,0.10833333333333334,1
501,albino,10,2009.1,0.3448275862068966,0.24482758620689657,2
502,laquan-smith,10,2019.0,1.0,0.9,4
503,kiko-kostadinov,10,2019.0,1.0,0.9,4
504,max-mara-atelier,10,2012.1,0.43478260869565216,0.33478260869565213,2
505,michael-van-der-ham,10,2011.0,0.38461538461538464,0.2846153846153846,2
506,fay,10,2014.1,0.5263157894736842,0.4263157894736842,2
507,les-copains,10,2014.1,0.5263157894736842,0.4263157894736842,2
508,priscavera,10,2018.1,0.9090909090909091,0.8090909090909091,4
509,richard-quinn,10,2018.1,0.9090909090909091,0.8090909090909091,4
510,victor-alfaro,10,2000.0,0.20833333333333334,0.10833333333333334,1
511,halston,10,2000.1,0.2127659574468085,0.1127659574468085,1
512,olympia-le-tan,10,2013.0,0.45454545454545453,0.3545454545454545,2
513,samuji,10,2014.1,0.5263157894736842,0.4263157894736842,2
514,pedro-lourenco,10,2010.1,0.37037037037037035,0.27037037037037037,2
515,nonoo,10,2012.1,0.43478260869565216,0.33478260869565213,2
516,schiaparelli,10,2016.1,0.6666666666666666,0.5666666666666667,3
517,cinq-a-sept,10,2016.1,0.6666666666666666,0.5666666666666667,3
518,chromat,10,2016.1,0.6666666666666666,0.5666666666666667,3
519,azzaro,10,2009.1,0.3448275862068966,0.24482758620689657,2
520,cerruti,9,1997.0,0.16666666666666666,0.05555555555555555,1
521,xulybet,9,1995.0,0.15517241379310345,0.04406130268199235,1
522,as-four,9,1999.0,0.18,0.06888888888888889,1
523,maticevski,9,2013.1,0.42857142857142855,0.31746031746031744,2
524,electric-feathers,9,2013.0,0.4090909090909091,0.297979797979798,2
525,rokh,9,2019.1,1.0,0.8888888888888888,4
526,rentrayage,9,2019.1,1.0,0.8888888888888888,4
527,lauren-manoogian,9,2019.1,1.0,0.8888888888888888,4
528,petar-petrov,9,2019.0,0.9,0.788888888888889,4
529,marina-moscone,9,2018.0,0.75,0.6388888888888888,3
530,palm-angels,9,2018.1,0.8181818181818182,0.7070707070707072,3
531,our-legacy,9,2019.0,0.9,0.788888888888889,4
532,nicole-farhi,9,2003.1,0.21951219512195122,0.10840108401084012,1
533,kinder-aggugini,9,2009.1,0.3103448275862069,0.1992337164750958,2
534,iro,9,2015.0,0.5,0.3888888888888889,2
535,sinha-stanic,9,2005.1,0.24324324324324326,0.13213213213213215,2
536,au-jour-le-jour,9,2015.0,0.5,0.3888888888888889,2
537,sies-marjan,9,2016.1,0.6,0.4888888888888889,3
538,warm,9,2016.1,0.6,0.4888888888888889,3
539,nathan-jenden,9,2006.1,0.2571428571428571,0.146031746031746,2
540,wolk-morais,9,2016.0,0.5625,0.4513888888888889,2
541,ryan-lo,9,2016.0,0.5625,0.4513888888888889,2
542,sari-gueron,9,2005.0,0.23684210526315788,0.12573099415204678,1
543,jen-kao,9,2010.0,0.32142857142857145,0.21031746031746035,2
544,dice-kayek,9,2017.0,0.6428571428571429,0.5317460317460319,3
545,twenty8twelve,9,2009.1,0.3103448275862069,0.1992337164750958,2
546,isaac-mizrahi,9,2007.1,0.2727272727272727,0.1616161616161616,2
547,haney,9,2016.1,0.6,0.4888888888888889,3
548,brian-reyes,9,2006.0,0.25,0.1388888888888889,2
549,orla-kiely,9,2014.0,0.45,0.3388888888888889,2
550,zoe-jordan,9,2015.0,0.5,0.3888888888888889,2
551,emma-cook,9,2002.1,0.20930232558139536,0.09819121447028425,1
552,ryan-roche,9,2015.1,0.5294117647058824,0.41830065359477125,2
553,louise-goldin,9,2008.0,0.28125,0.1701388888888889,2
554,kenneth-cole-new-york,9,2002.1,0.20930232558139536,0.09819121447028425,1
555,county-of-milan,9,2015.1,0.5294117647058824,0.41830065359477125,2
556,madewell,9,2015.1,0.5294117647058824,0.41830065359477125,2
557,la-perla,8,2007.0,0.23529411764705882,0.11029411764705882,1
558,staud,8,2020.0,1.0,0.875,4
559,dondup,8,2015.1,0.47058823529411764,0.34558823529411764,2
560,brooks-brothers,8,2016.1,0.5333333333333333,0.4083333333333333,2
561,jaeger-london,8,2008.1,0.25806451612903225,0.13306451612903225,2
562,aalto,8,2016.1,0.5333333333333333,0.4083333333333333,2
563,patou,8,2020.0,1.0,0.875,4
564,eytys,8,2020.0,1.0,0.875,4
565,louise-gray,8,2010.0,0.2857142857142857,0.1607142857142857,2
566,markarian,8,2020.0,1.0,0.875,4
567,we11done,8,2019.1,0.8888888888888888,0.7638888888888888,4
568,strk,8,2007.0,0.23529411764705882,0.11029411764705882,1
569,kls-kimora-lee-simmons,8,2016.0,0.5,0.375,2
570,victor-glemaud,8,2019.0,0.8,0.675,3
571,colville,8,2019.1,0.8888888888888888,0.7638888888888888,4
572,beautiful-people,8,2013.0,0.36363636363636365,0.23863636363636365,2
573,halston-heritage,8,2015.0,0.4444444444444444,0.3194444444444444,2
574,bruce,8,2000.0,0.16666666666666666,0.04166666666666666,1
575,billy-reid,8,2012.0,0.3333333333333333,0.20833333333333331,2
576,greta-constantine,8,2019.0,0.8,0.675,3
577,tomas-maier,8,2002.0,0.18181818181818182,0.05681818181818182,1
578,cg,8,2014.1,0.42105263157894735,0.29605263157894735,2
579,grey-jason-wu,8,2018.0,0.6666666666666666,0.5416666666666666,3
580,chufy,8,2018.0,0.6666666666666666,0.5416666666666666,3
581,lagerfeld-gallery,8,2002.1,0.18604651162790697,0.061046511627906974,1
582,hamish-morrow,8,2001.1,0.17777777777777778,0.052777777777777785,1
583,mother,8,2017.1,0.6153846153846154,0.4903846153846154,3
584,jc-de-castelbajac,8,2011.1,0.32,0.195,2
585,chadwick-bell,8,2011.1,0.32,0.195,2
586,thakoon-addition,8,2012.0,0.3333333333333333,0.20833333333333331,2
587,deveaux,8,2019.0,0.8,0.675,3
588,the-great,8,2017.0,0.5714285714285714,0.4464285714285714,2
589,shaina-mote,8,2017.0,0.5714285714285714,0.4464285714285714,2
590,alice-roi,8,2001.0,0.17391304347826086,0.048913043478260865,1
591,danielle-scutt,8,2007.0,0.23529411764705882,0.11029411764705882,1
592,redemption,8,2017.0,0.5714285714285714,0.4464285714285714,2
593,polo-ralph-lauren,8,2014.1,0.42105263157894735,0.29605263157894735,2
594,bouchra-jarrar,8,2012.1,0.34782608695652173,0.22282608695652173,2
595,carmen-march,8,2017.0,0.5714285714285714,0.4464285714285714,2
596,miguel-adrover,8,2000.1,0.1702127659574468,0.045212765957446804,1
597,public-school,8,2014.1,0.42105263157894735,0.29605263157894735,2
598,ag,8,2017.0,0.5714285714285714,0.4464285714285714,2
599,jourden,8,2017.0,0.5714285714285714,0.4464285714285714,2
600,kaelen,8,2013.1,0.38095238095238093,0.25595238095238093,2
601,moncler-2-1952,7,2018.1,0.6363636363636364,0.4935064935064935,3
602,katie-ermilio,7,2014.0,0.35,0.20714285714285713,2
603,parsons-mfa,7,2015.0,0.3888888888888889,0.24603174603174605,2
604,puppets-and-puppets,7,2020.0,0.875,0.7321428571428572,3
605,awaveawake,7,2015.1,0.4117647058823529,0.2689075630252101,2
606,lrs,7,2019.0,0.7,0.5571428571428572,3
607,chopova-lowena,7,2020.1,1.0,0.8571428571428572,4
608,ambush,7,2018.1,0.6363636363636364,0.4935064935064935,3
609,charlotte-knowles,7,2020.0,0.875,0.7321428571428572,3
610,simonetta-ravizza,7,2017.1,0.5384615384615384,0.3956043956043956,2
611,bassike,7,2019.0,0.7,0.5571428571428572,3
612,vanessa-seward,7,2015.1,0.4117647058823529,0.2689075630252101,2
613,oak,7,2015.1,0.4117647058823529,0.2689075630252101,2
614,maje,7,2017.1,0.5384615384615384,0.3956043956043956,2
615,linder,7,2017.1,0.5384615384615384,0.3956043956043956,2
616,clover-canyon,7,2013.1,0.3333333333333333,0.19047619047619047,2
617,rahul-mishra,7,2017.0,0.5,0.35714285714285715,2
618,aganovich,7,2014.1,0.3684210526315789,0.22556390977443608,2
619,robert-rodriguez,7,2013.0,0.3181818181818182,0.17532467532467533,2
620,ppq,7,2010.0,0.25,0.10714285714285715,1
621,felipe-oliveira-baptista,7,2011.0,0.2692307692307692,0.12637362637362637,2
622,gregory-parkinson,7,2011.0,0.2692307692307692,0.12637362637362637,2
623,jasmine-di-milo,7,2007.0,0.20588235294117646,0.06302521008403361,1
624,tucker,7,2012.1,0.30434782608695654,0.1614906832298137,2
625,fashion-fringe,7,2005.0,0.18421052631578946,0.041353383458646614,1
626,kimberly-ovitz,7,2010.1,0.25925925925925924,0.1164021164021164,1
627,cynthia-steffe,7,2009.0,0.23333333333333334,0.09047619047619049,1
628,lawrence-steele,7,2000.0,0.14583333333333334,0.0029761904761904934,1
629,bruno-pieters,7,2005.1,0.1891891891891892,0.04633204633204635,1
630,theyskens-theory,7,2011.0,0.2692307692307692,0.12637362637362637,2
631,willow,7,2011.0,0.2692307692307692,0.12637362637362637,2
632,ruffo-research,7,2000.0,0.14583333333333334,0.0029761904761904934,1
633,kai-kuhne,7,2006.0,0.19444444444444445,0.0515873015873016,1
634,charles-anastase,7,2005.0,0.18421052631578946,0.041353383458646614,1
635,moncler-grenoble,7,2011.1,0.28,0.13714285714285718,2
636,christian-cota,7,2009.1,0.2413793103448276,0.09852216748768475,1
637,chaiken,6,2005.1,0.16216216216216217,-0.004504504504504486,1
638,a-l-c,6,2021.0,1.0,0.8333333333333334,4
639,pierrot,6,2001.1,0.13333333333333333,-0.033333333333333326,1
640,yuhan-wang,6,2020.1,0.8571428571428571,0.6904761904761905,3
641,jasmin-shokrian,6,2005.1,0.16216216216216217,-0.004504504504504486,1
642,kenneth-ize,6,2020.1,0.8571428571428571,0.6904761904761905,3
643,thebe-magugu,6,2020.1,0.8571428571428571,0.6904761904761905,3
644,bora-aksu,6,2021.0,1.0,0.8333333333333334,4
645,tiger-of-sweden,6,2013.1,0.2857142857142857,0.11904761904761904,1
646,tia-cibani,6,2013.1,0.2857142857142857,0.11904761904761904,1
647,ter-et-bantine,6,2012.0,0.25,0.08333333333333334,1
648,calla,6,2012.0,0.25,0.08333333333333334,1
649,cecilie-bahnsen,6,2021.0,1.0,0.8333333333333334,4
650,commission,6,2021.0,1.0,0.8333333333333334,4
651,romance-was-born,6,2013.1,0.2857142857142857,0.11904761904761904,1
652,preen-line,6,2013.1,0.2857142857142857,0.11904761904761904,1
653,eric-schlosberg,6,2017.0,0.42857142857142855,0.26190476190476186,2
654,maisie-wilen,6,2021.0,1.0,0.8333333333333334,4
655,sukeina,6,2021.0,1.0,0.8333333333333334,4
656,sunnei,6,2021.0,1.0,0.8333333333333334,4
657,blk-dnm,6,2012.1,0.2608695652173913,0.09420289855072464,1
658,ktz,6,2013.1,0.2857142857142857,0.11904761904761904,1
659,supriya-lele,6,2020.0,0.75,0.5833333333333334,3
660,and-re-walker,6,2014.1,0.3157894736842105,0.14912280701754385,2
661,adam-selman-sport,6,2019.0,0.6,0.43333333333333335,2
662,trovata,6,2006.1,0.17142857142857143,0.004761904761904773,1
663,kanye-west-adidas-originals,6,2015.1,0.35294117647058826,0.1862745098039216,2
664,faustine-steinmetz,6,2016.0,0.375,0.20833333333333334,2
665,strenesse,6,2000.0,0.125,-0.04166666666666666,1
666,isola-marras,6,2015.1,0.35294117647058826,0.1862745098039216,2
667,hm,6,2015.1,0.35294117647058826,0.1862745098039216,2
668,shipley-halmos,6,2008.1,0.1935483870967742,0.02688172043010753,1
669,josh-goot,6,2007.0,0.17647058823529413,0.009803921568627472,1
670,elise-verland,6,2009.0,0.2,0.033333333333333354,1
671,g-star,6,2009.0,0.2,0.033333333333333354,1
672,gap,6,2009.0,0.2,0.033333333333333354,1
673,tre-by-natalie-ratabesi,6,2019.0,0.6,0.43333333333333335,2
674,lisa-marie-fernandez,6,2015.0,0.3333333333333333,0.16666666666666666,2
675,krizia,6,2000.1,0.1276595744680851,-0.03900709219858156,1
676,malo,6,2006.1,0.17142857142857143,0.004761904761904773,1
677,julian-louie,6,2009.1,0.20689655172413793,0.04022988505747127,1
678,y-kei,6,2006.0,0.16666666666666666,0.0,1
679,colovos,6,2016.1,0.4,0.23333333333333336,2
680,sonia-by-sonia-rykiel,6,2014.1,0.3157894736842105,0.14912280701754385,2
681,the-academy-new-york,6,2019.1,0.6666666666666666,0.5,3
682,hillier-bartley,6,2016.1,0.4,0.23333333333333336,2
683,hood-by-air,6,2014.1,0.3157894736842105,0.14912280701754385,2
684,heohwan-simulation,6,2014.1,0.3157894736842105,0.14912280701754385,2
685,raf-simons,6,1998.0,0.11538461538461539,-0.051282051282051266,1
686,russell-sage,6,2000.1,0.1276595744680851,-0.03900709219858156,1
687,maggie-marilyn,6,2017.0,0.42857142857142855,0.26190476190476186,2
688,atm-anthony-thomas-melillo,6,2016.0,0.375,0.20833333333333334,2
689,anne-klein,6,2002.1,0.13953488372093023,-0.027131782945736427,1
690,honor,6,2013.0,0.2727272727272727,0.10606060606060605,1
691,officine-generale,6,2017.1,0.46153846153846156,0.29487179487179493,2
692,sandro,6,2017.1,0.46153846153846156,0.29487179487179493,2
693,blaak,6,2001.1,0.13333333333333333,-0.033333333333333326,1
694,lou-dallas,6,2018.0,0.5,0.33333333333333337,2
695,luar,6,2018.0,0.5,0.33333333333333337,2
696,redone,6,2018.0,0.5,0.33333333333333337,2
697,brandon-sun,6,2013.0,0.2727272727272727,0.10606060606060605,1
698,lindsey-thornburg,6,2013.0,0.2727272727272727,0.10606060606060605,1
699,marta-jakubowski,6,2017.1,0.46153846153846156,0.29487179487179493,2
700,unravel,6,2017.1,0.46153846153846156,0.29487179487179493,2
701,claudia-li,6,2018.1,0.5454545454545454,0.3787878787878788,2
702,jeffrey-dodd,6,2017.1,0.46153846153846156,0.29487179487179493,2
703,diesel,5,2014.1,0.2631578947368421,0.06315789473684208,1
704,aliette,5,2020.0,0.625,0.425,2
705,trias,5,2010.1,0.18518518518518517,-0.014814814814814836,1
706,tocca,5,2013.0,0.22727272727272727,0.027272727272727254,1
707,ami,5,2020.0,0.625,0.425,2
708,hakaan,5,2011.0,0.19230769230769232,-0.007692307692307693,1
709,barragan,5,2020.0,0.625,0.425,2
710,marco-zanini,5,2019.1,0.5555555555555556,0.35555555555555557,2
711,fear-of-god,5,2019.0,0.5,0.3,2
712,mandy-coon,5,2011.0,0.19230769230769232,-0.007692307692307693,1
713,wink,5,2000.1,0.10638297872340426,-0.09361702127659575,1
714,michael-angel,5,2010.1,0.18518518518518517,-0.014814814814814836,1
715,ann-sofie-back-atelje,5,2011.1,0.2,0.0,1
716,matthew-adams-dolan,5,2017.1,0.38461538461538464,0.18461538461538463,2
717,nicopanda,5,2016.1,0.3333333333333333,0.1333333333333333,2
718,kelly-wearstler,5,2011.1,0.2,0.0,1
719,cdlm,5,2019.0,0.5,0.3,2
720,mansur-gavriel,5,2017.1,0.38461538461538464,0.18461538461538463,2
721,urban-zen,5,2016.1,0.3333333333333333,0.1333333333333333,2
722,jens-laugesen,5,2004.0,0.125,-0.07500000000000001,1
723,eftychia,5,2020.1,0.7142857142857143,0.5142857142857142,3
724,galvan,5,2019.0,0.5,0.3,2
725,gmbh,5,2019.0,0.5,0.3,2
726,trademark,5,2014.1,0.2631578947368421,0.06315789473684208,1
727,sibling,5,2015.0,0.2777777777777778,0.07777777777777778,1
728,thimister,5,2000.0,0.10416666666666667,-0.09583333333333334,1
729,anya-hindmarch,5,2016.0,0.3125,0.11249999999999999,1
730,protagonist,5,2015.1,0.29411764705882354,0.09411764705882353,1
731,abaete,5,2007.1,0.15151515151515152,-0.04848484848484849,1
732,kris-van-assche,5,2008.0,0.15625,-0.04375000000000001,1
733,rebecca-de-ravenel,5,2018.0,0.4166666666666667,0.21666666666666667,2
734,koi-suwannagate,5,2008.1,0.16129032258064516,-0.038709677419354854,1
735,requiem,5,2008.1,0.16129032258064516,-0.038709677419354854,1
736,la-vie-rebecca-taylor,5,2018.0,0.4166666666666667,0.21666666666666667,2
737,kith,5,2018.0,0.4166666666666667,0.21666666666666667,2
738,katayone-adeli,5,2001.1,0.1111111111111111,-0.0888888888888889,1
739,victoriatomas,5,2019.0,0.5,0.3,2
740,club-monaco,5,2016.1,0.3333333333333333,0.1333333333333333,2
741,vince,5,2019.0,0.5,0.3,2
742,6267,5,2006.1,0.14285714285714285,-0.05714285714285716,1
743,eley-kishimoto,5,2002.1,0.11627906976744186,-0.08372093023255815,1
744,ostwald-helgason,5,2013.0,0.22727272727272727,0.027272727272727254,1
745,filles-a-papa,5,2018.0,0.4166666666666667,0.21666666666666667,2
746,etoile-isabel-marant,5,2018.0,0.4166666666666667,0.21666666666666667,2
747,genny,5,2000.0,0.10416666666666667,-0.09583333333333334,1
748,david-michael,5,2015.0,0.2777777777777778,0.07777777777777778,1
749,benjamin-cho,5,2001.1,0.1111111111111111,-0.0888888888888889,1
750,albino-teodoro,5,2018.0,0.4166666666666667,0.21666666666666667,2
751,kes,5,2017.1,0.38461538461538464,0.18461538461538463,2
752,wren,5,2013.1,0.23809523809523808,0.03809523809523807,1
753,a-p-c,5,2021.0,0.8333333333333334,0.6333333333333333,3
754,tribune-standard,5,2012.0,0.20833333333333334,0.008333333333333331,1
755,by-bonnie-young,5,2017.0,0.35714285714285715,0.15714285714285714,2
756,hope-for-flowers,5,2021.1,1.0,0.8,4
757,kenneth-cole-collection,5,2012.1,0.21739130434782608,0.01739130434782607,1
758,maria-mcmanus,5,2021.1,1.0,0.8,4
759,meryll-rogge,5,2021.1,1.0,0.8,4
760,charles-jeffrey-loverboy,5,2021.0,0.8333333333333334,0.6333333333333333,3
761,shrimps,5,2018.1,0.45454545454545453,0.2545454545454545,2
762,cult-gaia,5,2021.1,1.0,0.8,4
763,az-factory,5,2021.0,0.8333333333333334,0.6333333333333333,3
764,private-policy,5,2021.1,1.0,0.8,4
765,renaissance-renaissance,5,2021.1,1.0,0.8,4
766,sc103,5,2021.1,1.0,0.8,4
767,menichetti,5,2004.1,0.1282051282051282,-0.07179487179487182,1
768,sergio-hudson,5,2021.1,1.0,0.8,4
769,surface-to-air,5,2012.0,0.20833333333333334,0.008333333333333331,1
770,vejas,5,2017.0,0.35714285714285715,0.15714285714285714,2
771,gauchere,5,2021.1,1.0,0.8,4
772,callas-milano,5,2021.1,1.0,0.8,4
773,moon-choi,5,2018.1,0.45454545454545453,0.2545454545454545,2
774,haus-alkire,5,2017.0,0.35714285714285715,0.15714285714285714,2
775,autumn-adeigbo,5,2021.1,1.0,0.8,4
776,pyer-moss,5,2017.0,0.35714285714285715,0.15714285714285714,2
777,alena-akhmadullina,5,2017.1,0.38461538461538464,0.18461538461538463,2
778,john-rocha,5,2012.1,0.21739130434782608,0.01739130434782607,1
779,christopher-john-rogers,4,2019.1,0.4444444444444444,0.19444444444444442,2
780,erl,4,2022.0,1.0,0.75,3
781,jean-colonna,4,2000.0,0.08333333333333333,-0.16666666666666669,1
782,davidelfin,4,2009.1,0.13793103448275862,-0.11206896551724138,1
783,et-ochs,4,2022.0,1.0,0.75,3
784,francoise,4,2019.1,0.4444444444444444,0.19444444444444442,2
785,daniel-w-fletcher,4,2021.1,0.8,0.55,3
786,matthew-ames,4,2009.1,0.13793103448275862,-0.11206896551724138,1
787,alabama-chanin,4,2010.0,0.14285714285714285,-0.10714285714285715,1
788,laura-siegel,4,2017.0,0.2857142857142857,0.0357142857142857,1
789,arkadius,4,2000.1,0.0851063829787234,-0.16489361702127658,1
790,tim-hamilton,4,2010.0,0.14285714285714285,-0.10714285714285715,1
791,ferrari,4,2022.0,1.0,0.75,3
792,rogan,4,2012.0,0.16666666666666666,-0.08333333333333334,1
793,noir,4,2006.1,0.11428571428571428,-0.13571428571428573,1
794,graeme-armour,4,2010.1,0.14814814814814814,-0.10185185185185186,1
795,saks-potts,4,2018.1,0.36363636363636365,0.11363636363636365,1
796,william-rast,4,2009.0,0.13333333333333333,-0.11666666666666667,1
797,del-core,4,2022.0,1.0,0.75,3
798,katie-eary,4,2013.0,0.18181818181818182,-0.06818181818181818,1
799,reyes,4,2007.1,0.12121212121212122,-0.12878787878787878,1
800,armand-basi-one,4,2008.0,0.125,-0.125,1
801,lagence,4,2019.0,0.4,0.15000000000000002,2
802,ashlyn,4,2022.0,1.0,0.75,3
803,tia-adeola,4,2021.1,0.8,0.55,3
804,ungaro-couture,4,2000.0,0.08333333333333333,-0.16666666666666669,1
805,jovovich-hawk,4,2007.0,0.11764705882352941,-0.1323529411764706,1
806,paria-farzaneh,4,2021.1,0.8,0.55,3
807,pierre-balmain,4,2012.1,0.17391304347826086,-0.07608695652173914,1
808,devi-kroell,4,2009.0,0.13333333333333333,-0.11666666666666667,1
809,tommynow,4,2019.0,0.4,0.15000000000000002,2
810,tim-coppens,4,2015.0,0.2222222222222222,-0.02777777777777779,1
811,lutz-patmos,4,2009.0,0.13333333333333333,-0.11666666666666667,1
812,alexander-lewis,4,2015.0,0.2222222222222222,-0.02777777777777779,1
813,amiri,4,2018.1,0.36363636363636365,0.11363636363636365,1
814,herve-leger,4,2019.0,0.4,0.15000000000000002,2
815,phelan,4,2016.0,0.25,0.0,1
816,frederick-anderson,4,2022.0,1.0,0.75,3
817,edward-crutchley,4,2022.0,1.0,0.75,3
818,fenty-puma,4,2016.1,0.26666666666666666,0.016666666666666663,1
819,rave-review,4,2022.0,1.0,0.75,3
820,mossi,4,2022.0,1.0,0.75,3
821,rad-by-rad-hourani,4,2011.0,0.15384615384615385,-0.09615384615384615,1
822,di-petsa,4,2022.0,1.0,0.75,3
823,no-sesso,4,2020.0,0.5,0.25,2
824,nensi-dojaka,4,2022.0,1.0,0.75,3
825,maxime-simoens,4,2013.1,0.19047619047619047,-0.059523809523809534,1
826,cushnie,4,2019.0,0.4,0.15000000000000002,2
827,tamara-mellon,4,2014.0,0.2,-0.04999999999999999,1
828,caroline-hu,4,2021.0,0.6666666666666666,0.41666666666666663,2
829,farah-angsana,4,2011.1,0.16,-0.09,1
830,tory-sport,4,2018.1,0.36363636363636365,0.11363636363636365,1
831,lee-mathews,4,2020.0,0.5,0.25,2
832,rossella-jardini,4,2016.1,0.26666666666666666,0.016666666666666663,1
833,studio-189,4,2020.0,0.5,0.25,2
834,shang-xia,4,2022.0,1.0,0.75,3
835,talia-byre,4,2022.0,1.0,0.75,3
836,brood,4,2012.0,0.16666666666666666,-0.08333333333333334,1
837,erika-cavallini,4,2017.1,0.3076923076923077,0.05769230769230771,1
838,moncler-4-simone-rocha,4,2018.1,0.36363636363636365,0.11363636363636365,1
839,jasmin-shokrian-draft-no-17,4,2012.0,0.16666666666666666,-0.08333333333333334,1
840,mimi-prober,4,2020.1,0.5714285714285714,0.3214285714285714,2
841,derercuny,4,2007.1,0.12121212121212122,-0.12878787878787878,1
842,alexandre-matthieu,4,2001.0,0.08695652173913043,-0.16304347826086957,1
843,m-martin,4,2016.1,0.26666666666666666,0.016666666666666663,1
844,dilara-findikoglu,4,2020.0,0.5,0.25,2
845,arje,4,2017.1,0.3076923076923077,0.05769230769230771,1
846,takahiromiyashita-the-soloist,4,2021.0,0.6666666666666666,0.41666666666666663,2
847,harris-reed,4,2022.0,1.0,0.75,3
848,tomo-koizumi,4,2019.1,0.4444444444444444,0.19444444444444442,2
849,hodakova,4,2022.0,1.0,0.75,3
850,alexa-chung,4,2017.1,0.3076923076923077,0.05769230769230771,1
851,interior,4,2022.0,1.0,0.75,3
852,commuun,4,2011.0,0.15384615384615385,-0.09615384615384615,1
853,hunter-original,4,2014.1,0.21052631578947367,-0.03947368421052633,1
854,calvin-klein,4,2017.1,0.3076923076923077,0.05769230769230771,1
855,loro-piana,4,2022.0,1.0,0.75,3
856,michon-schur,3,2006.0,0.08333333333333333,-0.25,1
857,john-elliot-co,3,2018.1,0.2727272727272727,-0.06060606060606061,1
858,moncler-5-craig-green,3,2018.1,0.2727272727272727,-0.06060606060606061,1
859,3x1,3,2018.1,0.2727272727272727,-0.06060606060606061,1
860,tristan-webber,3,2000.0,0.0625,-0.2708333333333333,1
861,marjan-pejoski,3,2001.0,0.06521739130434782,-0.2681159420289855,1
862,sebastian-pons,3,2004.0,0.075,-0.2583333333333333,1
863,daks-by-giles-deacon,3,2007.1,0.09090909090909091,-0.2424242424242424,1
864,richard-edwards,3,2001.1,0.06666666666666667,-0.26666666666666666,1
865,section-8,3,2018.1,0.2727272727272727,-0.06060606060606061,1
866,kendall-kylie,3,2017.0,0.21428571428571427,-0.11904761904761904,1
867,j-js-lee,3,2016.0,0.1875,-0.14583333333333331,1
868,lucio-vanotti,3,2017.1,0.23076923076923078,-0.10256410256410253,1
869,naum,3,2006.0,0.08333333333333333,-0.25,1
870,tabula-rasa,3,2017.1,0.23076923076923078,-0.10256410256410253,1
871,toni-maticevski,3,2007.0,0.08823529411764706,-0.24509803921568624,1
872,tosia,3,2017.1,0.23076923076923078,-0.10256410256410253,1
873,moncler-3-grenoble,3,2018.1,0.2727272727272727,-0.06060606060606061,1
874,revillon,3,2004.1,0.07692307692307693,-0.2564102564102564,1
875,bldwn,3,2019.0,0.3,-0.033333333333333326,1
876,moncler-7-fragment-hiroshi-fujiwara,3,2018.1,0.2727272727272727,-0.06060606060606061,1
877,solace-london,3,2018.0,0.25,-0.08333333333333331,1
878,the-gigi,3,2018.0,0.25,-0.08333333333333331,1
879,brioni,3,2006.1,0.08571428571428572,-0.2476190476190476,1
880,richard-tyler,3,2000.1,0.06382978723404255,-0.2695035460992908,1
881,tessa,3,2017.1,0.23076923076923078,-0.10256410256410253,1
882,lemlem,3,2017.0,0.21428571428571427,-0.11904761904761904,1
883,kenzo-la-memento,3,2017.1,0.23076923076923078,-0.10256410256410253,1
884,jeffrey-chow,3,2004.1,0.07692307692307693,-0.2564102564102564,1
885,laura-garcia,3,2019.0,0.3,-0.033333333333333326,1
886,conner-ives,3,2021.1,0.6,0.26666666666666666,2
887,aspesi,3,2022.0,0.75,0.4166666666666667,2
888,winnie,3,2021.1,0.6,0.26666666666666666,2
889,patrik-ervell,3,2012.1,0.13043478260869565,-0.20289855072463767,1
890,1205,3,2015.1,0.17647058823529413,-0.15686274509803919,1
891,hanifa,3,2021.1,0.6,0.26666666666666666,2
892,danielle-frankel,3,2021.1,0.6,0.26666666666666666,2
893,kaufmanfranco,3,2013.1,0.14285714285714285,-0.19047619047619047,1
894,casablanca,3,2021.1,0.6,0.26666666666666666,2
895,lake-stars,3,2011.1,0.12,-0.21333333333333332,1
896,maria-grachvogel,3,2013.1,0.14285714285714285,-0.19047619047619047,1
897,judy-turner,3,2021.0,0.5,0.16666666666666669,2
898,uniqueness,3,2012.0,0.125,-0.20833333333333331,1
899,heron-preston,3,2021.0,0.5,0.16666666666666669,2
900,sister-by-sibling,3,2013.1,0.14285714285714285,-0.19047619047619047,1
901,angel-chen,3,2021.0,0.5,0.16666666666666669,2
902,bebe,3,2012.0,0.125,-0.20833333333333331,1
903,botter,3,2022.0,0.75,0.4166666666666667,2
904,house-of-aama,3,2022.0,0.75,0.4166666666666667,2
905,ludovic-de-saint-sernin,3,2022.0,0.75,0.4166666666666667,2
906,cerre,3,2013.1,0.14285714285714285,-0.19047619047619047,1
907,james-long,3,2013.0,0.13636363636363635,-0.19696969696969696,1
908,holmes-yang,3,2013.0,0.13636363636363635,-0.19696969696969696,1
909,16arlington,3,2022.1,1.0,0.6666666666666667,3
910,willie-norris-for-outlier,3,2022.1,1.0,0.6666666666666667,3
911,vtmnts,3,2022.1,1.0,0.6666666666666667,3
912,daniel-vosovic,3,2013.0,0.13636363636363635,-0.19696969696969696,1
913,tokyo-james,3,2022.1,1.0,0.6666666666666667,3
914,shuting-qiu,3,2022.1,1.0,0.6666666666666667,3
915,saint-sintra,3,2022.1,1.0,0.6666666666666667,3
916,lafayette-148,3,2022.1,1.0,0.6666666666666667,3
917,gcds,3,2022.1,1.0,0.6666666666666667,3
918,feben,3,2022.1,1.0,0.6666666666666667,3
919,ester-manas,3,2022.1,1.0,0.6666666666666667,3
920,elena-velez,3,2022.1,1.0,0.6666666666666667,3
921,bach-mai,3,2022.1,1.0,0.6666666666666667,3
922,alexandre-plokhov,3,2012.0,0.125,-0.20833333333333331,1
923,jay-ahr,3,2013.1,0.14285714285714285,-0.19047619047619047,1
924,nahm,3,2011.1,0.12,-0.21333333333333332,1
925,wales-bonner,3,2019.0,0.3,-0.033333333333333326,1
926,angelos-bratis,3,2015.0,0.16666666666666666,-0.16666666666666666,1
927,elspeth-gibson,3,2000.0,0.0625,-0.2708333333333333,1
928,bensoni,3,2010.1,0.1111111111111111,-0.2222222222222222,1
929,eric-bergere,3,2000.0,0.0625,-0.2708333333333333,1
930,greg-lauren,3,2015.0,0.16666666666666666,-0.16666666666666666,1
931,chloe-sevigny-for-o-c-,3,2009.1,0.10344827586206896,-0.22988505747126436,1
932,graeme-black,3,2009.0,0.1,-0.2333333333333333,1
933,porsche-design,3,2014.1,0.15789473684210525,-0.17543859649122806,1
934,vera-wang-lavender-label,3,2008.1,0.0967741935483871,-0.23655913978494622,1
935,randolph-duke,3,2000.0,0.0625,-0.2708333333333333,1
936,sue-stemp,3,2008.0,0.09375,-0.23958333333333331,1
937,katy-rodriguez,3,2008.0,0.09375,-0.23958333333333331,1
938,charles-nolan,3,2008.0,0.09375,-0.23958333333333331,1
939,objects-without-meaning,3,2015.1,0.17647058823529413,-0.15686274509803919,1
940,symonds-pearmain,3,2019.1,0.3333333333333333,0.0,1
941,john-bartlett,3,2000.0,0.0625,-0.2708333333333333,1
942,woolrich,3,2019.1,0.3333333333333333,0.0,1
943,todd-oldham,3,1993.0,0.04838709677419355,-0.28494623655913975,1
944,lucas-nascimento,3,2014.1,0.15789473684210525,-0.17543859649122806,1
945,trager-delaney,3,2014.0,0.15,-0.18333333333333332,1
946,talbots,3,2011.0,0.11538461538461539,-0.21794871794871792,1
947,kevork-kiledjian,3,2011.1,0.12,-0.21333333333333332,1
948,perry-ellis,3,1993.0,0.04838709677419355,-0.28494623655913975,1
949,reese-cooper,3,2020.0,0.375,0.041666666666666685,1
950,cienne,2,2018.1,0.18181818181818182,-0.3181818181818182,0
951,bite-studios,2,2023.0,1.0,0.5,3
952,atxv,2,2023.0,1.0,0.5,3
953,anonlychild,2,2023.0,1.0,0.5,3
954,andreadamo,2,2023.0,1.0,0.5,3
955,anna-october,2,2023.0,1.0,0.5,3
956,chet-lo,2,2023.0,1.0,0.5,3
957,moncler-1-jw-anderson,2,2020.1,0.2857142857142857,-0.2142857142857143,1
958,moncler-6-1017-alyx-9sm,2,2020.1,0.2857142857142857,-0.2142857142857143,1
959,enfants-riches-deprimes,2,2018.1,0.18181818181818182,-0.3181818181818182,0
960,vogue-world,2,2022.1,0.6666666666666666,0.16666666666666663,2
961,cfcl,2,2023.0,1.0,0.5,3
962,in-earnest-by-byron-lars,2,2023.0,1.0,0.5,3
963,cormio,2,2023.0,1.0,0.5,3
964,vilshenko,2,2018.0,0.16666666666666666,-0.33333333333333337,0
965,zankov,2,2023.0,1.0,0.5,3
966,marysia,2,2019.0,0.2,-0.3,1
967,nabil-nayal,2,2019.0,0.2,-0.3,1
968,wiederhoeft,2,2023.0,1.0,0.5,3
969,st-roche,2,2018.0,0.16666666666666666,-0.33333333333333337,0
970,uma-wang,2,2023.0,1.0,0.5,3
971,tanner-fletcher,2,2023.0,1.0,0.5,3
972,lein,2,2018.1,0.18181818181818182,-0.3181818181818182,0
973,susan-fang,2,2023.0,1.0,0.5,3
974,ss-daley,2,2023.0,1.0,0.5,3
975,a-peace-treaty,2,2018.1,0.18181818181818182,-0.3181818181818182,0
976,patrick-mcdowell,2,2023.0,1.0,0.5,3
977,n-hoolywood,2,2023.0,1.0,0.5,3
978,mowalola,2,2023.0,1.0,0.5,3
979,robert-cary-williams,2,2000.0,0.041666666666666664,-0.4583333333333333,0
980,art-school,2,2021.0,0.3333333333333333,-0.16666666666666669,1
981,sports-banger,2,2020.0,0.25,-0.25,1
982,miaou,2,2018.1,0.18181818181818182,-0.3181818181818182,0
983,sandra-mansour,2,2018.1,0.18181818181818182,-0.3181818181818182,0
984,duran-lantink,2,2021.1,0.4,-0.09999999999999998,1
985,feng-chen-wang,2,2021.1,0.4,-0.09999999999999998,1
986,santoni-edited-by-marco-zanini,2,2018.0,0.16666666666666666,-0.33333333333333337,0
987,pamela-dennis,2,2000.1,0.0425531914893617,-0.4574468085106383,0
988,poiret,2,2018.1,0.18181818181818182,-0.3181818181818182,0
989,a-w-a-k-e,2,2021.1,0.4,-0.09999999999999998,1
990,palomo-spain,2,2021.1,0.4,-0.09999999999999998,1
991,etudes,2,2019.0,0.2,-0.3,1
992,jordan-dalah,2,2021.0,0.3333333333333333,-0.16666666666666669,1
993,moncler-8-palm-angels,2,2018.1,0.18181818181818182,-0.3181818181818182,0
994,moncler-0-richard-quinn,2,2019.1,0.2222222222222222,-0.2777777777777778,1
995,kenneth-nicholson,2,2022.0,0.5,0.0,1
996,hiraeth,2,2019.1,0.2222222222222222,-0.2777777777777778,1
997,moncler-6-noir-kei-ninomiya,2,2018.1,0.18181818181818182,-0.3181818181818182,0
998,theophilio,2,2022.0,0.5,0.0,1
999,ahluwalia-studio,2,2022.1,0.6666666666666666,0.16666666666666663,2
1000,asai,2,2019.1,0.2222222222222222,-0.2777777777777778,1
1001,connor-mcknight,2,2022.1,0.6666666666666666,0.16666666666666663,2
1002,yajun,2,2019.0,0.2,-0.3,1
1003,bande-noir,2,2019.0,0.2,-0.3,1
1004,jahnkoy,2,2019.0,0.2,-0.3,1
1005,institut-francais-de-la-mode,2,2022.1,0.6666666666666666,0.16666666666666663,2
1006,labrum-london,2,2022.1,0.6666666666666666,0.16666666666666663,2
1007,bethany-williams,2,2021.0,0.3333333333333333,-0.16666666666666669,1
1008,nihl,2,2022.1,0.6666666666666666,0.16666666666666663,2
1009,paolina-russo,2,2022.1,0.6666666666666666,0.16666666666666663,2
1010,pratt-institute,2,2022.1,0.6666666666666666,0.16666666666666663,2
1011,moncler-1-pierpaolo-piccioli,2,2018.1,0.18181818181818182,-0.3181818181818182,0
1012,s-by-serena,2,2019.1,0.2222222222222222,-0.2777777777777778,1
1013,kamishima-chinami,2,2013.0,0.09090909090909091,-0.40909090909090906,0
1014,pedro-del-hierro-madrid,2,2015.0,0.1111111111111111,-0.3888888888888889,0
1015,hanii-y,2,2009.0,0.06666666666666667,-0.43333333333333335,0
1016,et-momonakia,2,2013.0,0.09090909090909091,-0.40909090909090906,0
1017,kanye-west,2,2012.0,0.08333333333333333,-0.4166666666666667,0
1018,daughters,2,2008.1,0.06451612903225806,-0.43548387096774194,0
1019,rodnik,2,2008.0,0.0625,-0.4375,0
1020,allegra-hicks,2,2008.0,0.0625,-0.4375,0
1021,facetasm,2,2013.0,0.09090909090909091,-0.40909090909090906,0
1022,heatherette,2,2007.1,0.06060606060606061,-0.4393939393939394,0
1023,sabyasachi,2,2007.0,0.058823529411764705,-0.4411764705882353,0
1024,biba,2,2007.0,0.058823529411764705,-0.4411764705882353,0
1025,orley,2,2016.0,0.125,-0.375,0
1026,g-v-g-v-,2,2013.0,0.09090909090909091,-0.40909090909090906,0
1027,sophomore,2,2012.0,0.08333333333333333,-0.4166666666666667,0
1028,verrier,2,2006.0,0.05555555555555555,-0.4444444444444444,0
1029,le-kilt,2,2016.1,0.13333333333333333,-0.3666666666666667,0
1030,motonari-ono,2,2013.0,0.09090909090909091,-0.40909090909090906,0
1031,miss-wu,2,2013.0,0.09090909090909091,-0.40909090909090906,0
1032,sweetface,2,2005.1,0.05405405405405406,-0.44594594594594594,0
1033,comptoir-des-cotonniers,2,2015.1,0.11764705882352941,-0.38235294117647056,0
1034,sophia-kah,2,2015.0,0.1111111111111111,-0.3888888888888889,0
1035,matohu,2,2013.0,0.09090909090909091,-0.40909090909090906,0
1036,miss-sixty,2,2009.0,0.06666666666666667,-0.43333333333333335,0
1037,back,2,2013.1,0.09523809523809523,-0.40476190476190477,0
1038,cut25-by-y-azrouel,2,2014.1,0.10526315789473684,-0.39473684210526316,0
1039,duckie-brown,2,2014.1,0.10526315789473684,-0.39473684210526316,0
1040,frank-tell,2,2011.0,0.07692307692307693,-0.4230769230769231,0
1041,marchesa-voyage,2,2014.1,0.10526315789473684,-0.39473684210526316,0
1042,betty-jackson,2,2011.0,0.07692307692307693,-0.4230769230769231,0
1043,sykes,2,2010.0,0.07142857142857142,-0.4285714285714286,0
1044,atsushi-nakashima,2,2013.0,0.09090909090909091,-0.40909090909090906,0
1045,erin-wasson-x-rvca,2,2010.0,0.07142857142857142,-0.4285714285714286,0
1046,yoshio-kubo,2,2013.0,0.09090909090909091,-0.40909090909090906,0
1047,yasutoshi-ezumi,2,2013.0,0.09090909090909091,-0.40909090909090906,0
1048,karolina-zmarlak,2,2015.0,0.1111111111111111,-0.3888888888888889,0
1049,whiz-limited,2,2013.0,0.09090909090909091,-0.40909090909090906,0
1050,dresscamp,2,2013.0,0.09090909090909091,-0.40909090909090906,0
1051,ossie-clark,2,2009.0,0.06666666666666667,-0.43333333333333335,0
1052,tiit,2,2013.0,0.09090909090909091,-0.40909090909090906,0
1053,a-degree-fahrenheit,2,2013.0,0.09090909090909091,-0.40909090909090906,0
1054,mint-designs,2,2013.0,0.09090909090909091,-0.40909090909090906,0
1055,nozomi-ishiguro-tambourine,2,2013.0,0.09090909090909091,-0.40909090909090906,0
1056,frostfrench,2,2003.0,0.047619047619047616,-0.4523809523809524,0
1057,dean-quinn,2,2012.1,0.08695652173913043,-0.41304347826086957,0
1058,tim-van-steenbergen,2,2004.0,0.05,-0.45,0
1059,elizabeth-kennedy,2,2017.1,0.15384615384615385,-0.34615384615384615,0
1060,hensely,2,2018.0,0.16666666666666666,-0.33333333333333337,0
1061,casely-hayford,2,2017.1,0.15384615384615385,-0.34615384615384615,0
1062,warren-noronha,2,2002.1,0.046511627906976744,-0.4534883720930233,0
1063,capucci,2,2003.1,0.04878048780487805,-0.45121951219512196,0
1064,wendelborn,2,2017.1,0.15384615384615385,-0.34615384615384615,0
1065,wanda-nylon,2,2017.0,0.14285714285714285,-0.35714285714285715,0
1066,jun-okamoto,2,2013.0,0.09090909090909091,-0.40909090909090906,0
1067,istvan-francer,2,2002.1,0.046511627906976744,-0.4534883720930233,0
1068,gardem,2,2005.0,0.05263157894736842,-0.4473684210526316,0
1069,jasper-conran,2,2002.0,0.045454545454545456,-0.45454545454545453,0
1070,james-coviello,2,2003.0,0.047619047619047616,-0.4523809523809524,0
1071,gibo,2,2003.0,0.047619047619047616,-0.4523809523809524,0
1072,hugo,2,2013.1,0.09523809523809523,-0.40476190476190477,0
1073,ralph-and-russo,2,2018.0,0.16666666666666666,-0.33333333333333337,0
1074,rafael-lopez,2,2002.1,0.046511627906976744,-0.4534883720930233,0
1075,eleykishimoto-ellesse,2,2005.0,0.05263157894736842,-0.4473684210526316,0
1076,gryphon,2,2013.0,0.09090909090909091,-0.40909090909090906,0
1077,myar,1,2021.1,0.2,-0.8,0
1078,moncler-4-hyke,1,2021.1,0.2,-0.8,0
1079,moncler-dingyun-zhang,1,2022.0,0.25,-0.75,0
1080,alice-auaa,1,2013.0,0.045454545454545456,-0.9545454545454546,0
1081,fleamadonna,1,2013.1,0.047619047619047616,-0.9523809523809523,0
1082,issever-bahri,1,2013.1,0.047619047619047616,-0.9523809523809523,0
1083,cheap-monday,1,2013.1,0.047619047619047616,-0.9523809523809523,0
1084,carin-wester,1,2013.1,0.047619047619047616,-0.9523809523809523,0
1085,by-malene-birger,1,2013.1,0.047619047619047616,-0.9523809523809523,0
1086,by-johnny,1,2013.1,0.047619047619047616,-0.9523809523809523,0
1087,academy-of-art-university,1,2022.1,0.3333333333333333,-0.6666666666666667,0
1088,ivan-grundahl,1,2013.1,0.047619047619047616,-0.9523809523809523,0
1089,j-lindeberg,1,2013.1,0.047619047619047616,-0.9523809523809523,0
1090,bless-ed-are-meek,1,2013.1,0.047619047619047616,-0.9523809523809523,0
1091,helmstedt,1,2021.1,0.2,-0.8,0
1092,jayson-brunsdon,1,2013.1,0.047619047619047616,-0.9523809523809523,0
1093,capasa-milano,1,2022.1,0.3333333333333333,-0.6666666666666667,0
1094,christian-dada,1,2013.1,0.047619047619047616,-0.9523809523809523,0
1095,dagmar,1,2013.1,0.047619047619047616,-0.9523809523809523,0
1096,hunkydory,1,2013.1,0.047619047619047616,-0.9523809523809523,0
1097,han-ahn-soon,1,2013.1,0.047619047619047616,-0.9523809523809523,0
1098,ganryu,1,2013.1,0.047619047619047616,-0.9523809523809523,0
1099,flannel,1,2013.1,0.047619047619047616,-0.9523809523809523,0
1100,gut-s-dynamite-cabarets,1,2013.1,0.047619047619047616,-0.9523809523809523,0
1101,emma-mulholland,1,2013.1,0.047619047619047616,-0.9523809523809523,0
1102,dressedundressed,1,2013.1,0.047619047619047616,-0.9523809523809523,0
1103,h-m-design-award,1,2013.1,0.047619047619047616,-0.9523809523809523,0
1104,schumacher,1,2013.1,0.047619047619047616,-0.9523809523809523,0
1105,duncan,1,2022.1,0.3333333333333333,-0.6666666666666667,0
1106,wooyoungmi,1,2021.1,0.2,-0.8,0
1107,han,1,2013.1,0.047619047619047616,-0.9523809523809523,0
1108,haryono-setiadi,1,2013.1,0.047619047619047616,-0.9523809523809523,0
1109,conny-groenewegen,1,2013.1,0.047619047619047616,-0.9523809523809523,0
1110,dimitri,1,2013.1,0.047619047619047616,-0.9523809523809523,0
1111,dietrich-emter,1,2013.1,0.047619047619047616,-0.9523809523809523,0
1112,diana-orving,1,2013.1,0.047619047619047616,-0.9523809523809523,0
1113,designers-remix,1,2013.1,0.047619047619047616,-0.9523809523809523,0
1114,day-birger-et-mikkelsen,1,2013.1,0.047619047619047616,-0.9523809523809523,0
1115,hernandez-cornet,1,2013.1,0.047619047619047616,-0.9523809523809523,0
1116,creative-taiwan,1,2013.1,0.047619047619047616,-0.9523809523809523,0
1117,rhude,1,2021.1,0.2,-0.8,0
1118,cotoo,1,2013.1,0.047619047619047616,-0.9523809523809523,0
1119,hien-le,1,2013.1,0.047619047619047616,-0.9523809523809523,0
1120,augustin-teboul,1,2013.1,0.047619047619047616,-0.9523809523809523,0
1121,krizia-top,1,2001.1,0.022222222222222223,-0.9777777777777777,0
1122,ariunaa-suri,1,2013.1,0.047619047619047616,-0.9523809523809523,0
1123,loveshackfancy,1,2023.1,1.0,0.0,1
1124,who-decides-war,1,2023.0,0.5,-0.5,0
1125,jnby,1,2013.0,0.045454545454545456,-0.9545454545454546,0
1126,a-company,1,2023.1,1.0,0.0,1
1127,armarium,1,2023.1,1.0,0.0,1
1128,avavav,1,2023.1,1.0,0.0,1
1129,fashion-institute-of-technology,1,2023.1,1.0,0.0,1
1130,fforme,1,2023.1,1.0,0.0,1
1131,head-of-state,1,2023.1,1.0,0.0,1
1132,heliot-emil,1,2023.1,1.0,0.0,1
1133,j6,1,2023.1,1.0,0.0,1
1134,maccapani,1,2023.1,1.0,0.0,1
1135,araisara,1,2013.1,0.047619047619047616,-0.9523809523809523,0
1136,marco-rambaldi,1,2023.1,1.0,0.0,1
1137,melbostad,1,2023.1,1.0,0.0,1
1138,moncler-genius,1,2023.1,1.0,0.0,1
1139,niccolo-pasqualetti,1,2023.1,1.0,0.0,1
1140,parsons-bfa,1,2023.1,1.0,0.0,1
1141,paula-canovas-del-vas,1,2023.1,1.0,0.0,1
1142,quira,1,2023.1,1.0,0.0,1
1143,rev,1,2023.1,1.0,0.0,1
1144,roisin-pierce,1,2023.1,1.0,0.0,1
1145,sinead-odwyer,1,2023.1,1.0,0.0,1
1146,stefan-cooke,1,2023.0,0.5,-0.5,0
1147,ne-net,1,2013.0,0.045454545454545456,-0.9545454545454546,0
1148,paolo-carzana,1,2023.0,0.5,-0.5,0
1149,nitz-schneider,1,2013.0,0.045454545454545456,-0.9545454545454546,0
1150,anne-sofie-madsen,1,2013.1,0.047619047619047616,-0.9523809523809523,0
1151,anja-gockel,1,2013.1,0.047619047619047616,-0.9523809523809523,0
1152,in-earnest,1,2022.1,0.3333333333333333,-0.6666666666666667,0
1153,altewaisaome,1,2013.1,0.047619047619047616,-0.9523809523809523,0
1154,alice-mccall,1,2013.1,0.047619047619047616,-0.9523809523809523,0
1155,alex-perry,1,2013.1,0.047619047619047616,-0.9523809523809523,0
1156,aje,1,2013.1,0.047619047619047616,-0.9523809523809523,0
1157,ato,1,2013.0,0.045454545454545456,-0.9545454545454546,0
1158,wc,1,2013.0,0.045454545454545456,-0.9545454545454546,0
1159,deceive,1,2013.0,0.045454545454545456,-0.9545454545454546,0
1160,joy-cioci,1,2013.1,0.047619047619047616,-0.9523809523809523,0
1161,all-in,1,2023.0,0.5,-0.5,0
1162,shiroma,1,2013.0,0.045454545454545456,-0.9545454545454546,0
1163,etw-vonneguet,1,2013.0,0.045454545454545456,-0.9545454545454546,0
1164,romeo-gigli,1,1990.0,0.014705882352941176,-0.9852941176470589,0
1165,everlasting-sprout,1,2013.0,0.045454545454545456,-0.9545454545454546,0
1166,phenomenon,1,2013.0,0.045454545454545456,-0.9545454545454546,0
1167,fur-fur,1,2013.0,0.045454545454545456,-0.9545454545454546,0
1168,fe-noel,1,2023.0,0.5,-0.5,0
1169,filippa-k,1,2023.0,0.5,-0.5,0
1170,masha-popova,1,2023.0,0.5,-0.5,0
1171,johan-ku,1,2013.1,0.047619047619047616,-0.9523809523809523,0
1172,stephan-pelger,1,2013.1,0.047619047619047616,-0.9523809523809523,0
1173,dirk-bikkembergs,1,2012.1,0.043478260869565216,-0.9565217391304348,0
1174,karla-spetic,1,2013.1,0.047619047619047616,-0.9523809523809523,0
1175,bella-freud,1,2000.1,0.02127659574468085,-0.9787234042553191,0
1176,discount-universe,1,2019.0,0.1,-0.9,0
1177,mary-ping,1,2006.0,0.027777777777777776,-0.9722222222222222,0
1178,project-alabama,1,2006.0,0.027777777777777776,-0.9722222222222222,0
1179,who-is-on-next,1,2006.0,0.027777777777777776,-0.9722222222222222,0
1180,handm-x-moschino,1,2019.0,0.1,-0.9,0
1181,carmen-marc-valvo,1,2007.1,0.030303030303030304,-0.9696969696969697,0
1182,devon-halfnight-leflufy,1,2016.0,0.0625,-0.9375,0
1183,peter-soronen,1,2007.1,0.030303030303030304,-0.9696969696969697,0
1184,susan-lazar,1,2000.0,0.020833333333333332,-0.9791666666666666,0
1185,berardi,1,2008.0,0.03125,-0.96875,0
1186,naoki-takizawa,1,2008.0,0.03125,-0.96875,0
1187,rebecca-danenberg,1,2000.0,0.020833333333333332,-0.9791666666666666,0
1188,krystof-strozyna,1,2008.1,0.03225806451612903,-0.967741935483871,0
1189,nyc-2000,1,2000.0,0.020833333333333332,-0.9791666666666666,0
1190,matt-nye,1,2000.0,0.020833333333333332,-0.9791666666666666,0
1191,sss-world-corp,1,2019.0,0.1,-0.9,0
1192,modernist,1,2009.0,0.03333333333333333,-0.9666666666666667,0
1193,rock-republic,1,2009.0,0.03333333333333333,-0.9666666666666667,0
1194,alchemist,1,2019.1,0.1111111111111111,-0.8888888888888888,0
1195,nasir-mazhar,1,2015.0,0.05555555555555555,-0.9444444444444444,0
1196,lulu-co,1,2015.0,0.05555555555555555,-0.9444444444444444,0
1197,hutson,1,2009.1,0.034482758620689655,-0.9655172413793104,0
1198,io-ipse-idem,1,2009.1,0.034482758620689655,-0.9655172413793104,0
1199,lp-bg,1,2010.0,0.03571428571428571,-0.9642857142857143,0
1200,maison-mayle,1,2016.1,0.06666666666666667,-0.9333333333333333,0
1201,rr331,1,2016.1,0.06666666666666667,-0.9333333333333333,0
1202,c-neeon,1,2006.0,0.027777777777777776,-0.9722222222222222,0
1203,noa-raviv,1,2017.1,0.07692307692307693,-0.9230769230769231,0
1204,prism,1,2018.0,0.08333333333333333,-0.9166666666666666,0
1205,shelley-fox,1,2001.1,0.022222222222222223,-0.9777777777777777,0
1206,an-american-view,1,2002.0,0.022727272727272728,-0.9772727272727273,0
1207,joe-casely-hayford,1,2002.0,0.022727272727272728,-0.9772727272727273,0
1208,icarius-de-menezes,1,2001.1,0.022222222222222223,-0.9777777777777777,0
1209,house-of-jazz,1,2002.1,0.023255813953488372,-0.9767441860465116,0
1210,michelle-loweholder,1,2002.1,0.023255813953488372,-0.9767441860465116,0
1211,sally-penn,1,2001.0,0.021739130434782608,-0.9782608695652174,0
1212,lizzy-disney,1,2001.0,0.021739130434782608,-0.9782608695652174,0
1213,callaghan,1,2001.0,0.021739130434782608,-0.9782608695652174,0
1214,m-r-s-,1,2003.0,0.023809523809523808,-0.9761904761904762,0
1215,tyler,1,2003.0,0.023809523809523808,-0.9761904761904762,0
1216,riccardo-tisci,1,2005.1,0.02702702702702703,-0.972972972972973,0
1217,kim-jones,1,2004.0,0.025,-0.975,0
1218,cher-michel-klein,1,2004.1,0.02564102564102564,-0.9743589743589743,0
1219,london-roundup,1,2004.1,0.02564102564102564,-0.9743589743589743,0
1220,teatum-jones,1,2017.0,0.07142857142857142,-0.9285714285714286,0
1221,scotch-and-soda,1,2017.0,0.07142857142857142,-0.9285714285714286,0
1222,mark-eisen,1,2000.1,0.02127659574468085,-0.9787234042553191,0
1223,alistair-carr,1,2005.0,0.02631578947368421,-0.9736842105263158,0
1224,buddhist-punk,1,2005.0,0.02631578947368421,-0.9736842105263158,0
1225,charlotte-olympia,1,2017.0,0.07142857142857142,-0.9285714285714286,0
1226,habitual,1,2005.1,0.02702702702702703,-0.972972972972973,0
1227,nina-donis,1,2005.1,0.02702702702702703,-0.972972972972973,0
1228,generra,1,2010.1,0.037037037037037035,-0.962962962962963,0
1229,a-a-antonio-azzuolo,1,2015.0,0.05555555555555555,-0.9444444444444444,0
1230,paris-68,1,2010.1,0.037037037037037035,-0.962962962962963,0
1231,live-the-process,1,2021.0,0.16666666666666666,-0.8333333333333334,0
1232,local-firm,1,2013.1,0.047619047619047616,-0.9523809523809523,0
1233,dress-co-,1,2013.1,0.047619047619047616,-0.9523809523809523,0
1234,suboo,1,2013.1,0.047619047619047616,-0.9523809523809523,0
1235,boramy-viguier,1,2021.0,0.16666666666666666,-0.8333333333333334,0
1236,rochambeau,1,2018.0,0.08333333333333333,-0.9166666666666666,0
1237,somarta,1,2013.1,0.047619047619047616,-0.9523809523809523,0
1238,tze-goh,1,2012.0,0.041666666666666664,-0.9583333333333334,0
1239,roopa-pemmaraju,1,2013.1,0.047619047619047616,-0.9523809523809523,0
1240,rena-lange,1,2013.1,0.047619047619047616,-0.9523809523809523,0
1241,r-ii-s,1,2013.1,0.047619047619047616,-0.9523809523809523,0
1242,phoenix-keating,1,2013.1,0.047619047619047616,-0.9523809523809523,0
1243,victoria-by-victoria-beckham,1,2012.0,0.041666666666666664,-0.9583333333333334,0
1244,veronica-b-vallenes,1,2013.1,0.047619047619047616,-0.9523809523809523,0
1245,perret-schaad,1,2013.1,0.047619047619047616,-0.9523809523809523,0
1246,myrza-de-muynck,1,2013.1,0.047619047619047616,-0.9523809523809523,0
1247,michael-sontag,1,2013.1,0.047619047619047616,-0.9523809523809523,0
1248,apotts,1,2021.1,0.2,-0.8,0
1249,michael-lo-sordo,1,2013.1,0.047619047619047616,-0.9523809523809523,0
1250,astrid-andersen,1,2021.1,0.2,-0.8,0
1251,mercibeaucoup,1,2013.1,0.047619047619047616,-0.9523809523809523,0
1252,lena-hoschek,1,2013.1,0.047619047619047616,-0.9523809523809523,0
1253,laurel,1,2013.1,0.047619047619047616,-0.9523809523809523,0
1254,lala-berlin,1,2013.1,0.047619047619047616,-0.9523809523809523,0
1255,kilian-kerner,1,2013.1,0.047619047619047616,-0.9523809523809523,0
1256,vanishing-elephant,1,2013.1,0.047619047619047616,-0.9523809523809523,0
1257,vladimir-karaleev,1,2013.1,0.047619047619047616,-0.9523809523809523,0
1258,sb47,1,2014.1,0.05263157894736842,-0.9473684210526316,0
1259,bodkin,1,2011.1,0.04,-0.96,0
1260,rad-hourani,1,2010.1,0.037037037037037035,-0.962962962962963,0
1261,ellen-tracy,1,2000.0,0.020833333333333332,-0.9791666666666666,0
1262,gant-by-michael-bastian,1,2011.0,0.038461538461538464,-0.9615384615384616,0
1263,byblos,1,2000.0,0.020833333333333332,-0.9791666666666666,0
1264,gauntlett-cheng,1,2020.0,0.125,-0.875,0
1265,ghost,1,1999.1,0.02040816326530612,-0.9795918367346939,0
1266,crippen,1,2014.1,0.05263157894736842,-0.9473684210526316,0
1267,hannah-marshall,1,2011.0,0.038461538461538464,-0.9615384615384616,0
1268,tommy,1,2011.0,0.038461538461538464,-0.9615384615384616,0
1269,palmiers-du-mal,1,2020.0,0.125,-0.875,0
1270,philip-treacy,1,1997.1,0.018867924528301886,-0.9811320754716981,0
1271,dax-gabler,1,2011.1,0.04,-0.96,0
1272,we-are-handsome,1,2013.1,0.047619047619047616,-0.9523809523809523,0
1273,piece-d-anarchive,1,2014.0,0.05,-0.95,0
1274,mm6-maison-martin-margiela-x-opening-ceremony,1,2011.1,0.04,-0.96,0
1275,mark-mcnairy-new-amsterdam,1,2014.0,0.05,-0.95,0
1276,francesc-by-frank-tell,1,2012.0,0.041666666666666664,-0.9583333333333334,0
1277,believe-in-better,1,2020.1,0.14285714285714285,-0.8571428571428572,0
1278,christian-francis-roth,1,1993.0,0.016129032258064516,-0.9838709677419355,0
1279,gabrielle-greiss,1,2012.0,0.041666666666666664,-0.9583333333333334,0
1280,1-piu-1-uguale-3,1,2013.1,0.047619047619047616,-0.9523809523809523,0
1281,zambesi,1,2013.1,0.047619047619047616,-0.9523809523809523,0
1282,wood-wood,1,2013.1,0.047619047619047616,-0.9523809523809523,0
1283,whyred,1,2013.1,0.047619047619047616,-0.9523809523809523,0
1284,tove,1,2023.1,1.0,0.0,1
